,timestamp,overall_sentiment
2211,2014-01-01,0.0
2212,2014-01-02,0.0011310045161273354
2213,2014-01-03,0.0002647124299119053
2214,2014-01-04,8.417508417508418e-05
2215,2014-01-05,0.0
2216,2014-01-06,0.0002953756160741181
2217,2014-01-07,-0.001590562681903133
2218,2014-01-08,0.0008756550733257301
2219,2014-01-09,0.00023393191480586988
2220,2014-01-10,0.0019501916299069326
2221,2014-01-11,8.417508417508418e-05
2222,2014-01-12,6.235191420376605e-05
2223,2014-01-13,0.0030358793703989433
2224,2014-01-14,0.0016444346589660945
2225,2014-01-15,-0.0006595793238183376
2226,2014-01-16,-0.001942538325756157
2227,2014-01-17,-0.0007143684486507737
2228,2014-01-18,0.0
2229,2014-01-19,0.0
2230,2014-01-20,-0.0012163126391023958
2231,2014-01-21,0.0013638583870947281
2232,2014-01-22,0.0002514768084163102
2233,2014-01-23,-0.0002750362905892099
2234,2014-01-24,2.350358222244351e-05
2235,2014-01-25,0.00014964459408903854
2236,2014-01-26,-0.00017859211216269343
2237,2014-01-27,0.0002514768084163102
2238,2014-01-28,-0.004088858962567842
2239,2014-01-29,0.0005194957349959327
2240,2014-01-30,-0.000991789054608179
2241,2014-01-31,0.0
2242,2014-02-01,0.0
2243,2014-02-02,0.0
2244,2014-02-03,0.0
2245,2014-02-04,-0.0002561504849252688
2246,2014-02-05,2.4774046126359382e-05
2247,2014-02-06,-6.25072392569427e-05
2248,2014-02-07,0.0005436583273213249
2249,2014-02-08,0.0023215548126580155
2250,2014-02-09,0.0
2251,2014-02-10,-0.0002206137856127389
2252,2014-02-11,0.0014269934528271155
2253,2014-02-12,0.000779243602493899
2254,2014-02-13,0.0019015780581616885
2255,2014-02-14,0.0010712564093347011
2256,2014-02-15,0.0007974481658692185
2257,2014-02-16,0.0
2258,2014-02-17,6.350575745593539e-05
2259,2014-02-18,0.00031752878727967697
2260,2014-02-19,-0.00018187295767366956
2261,2014-02-20,1.992695014511512e-05
2262,2014-02-21,8.141763776401973e-05
2263,2014-02-22,0.0
2264,2014-02-23,0.0
2265,2014-02-24,-0.000359084140412224
2266,2014-02-25,-0.00015307895328230863
2267,2014-02-26,-0.00512874188821436
2268,2014-02-27,-0.0004219238649843632
2269,2014-02-28,-0.0003750434355416562
2270,2014-03-01,0.00042087542087542086
2271,2014-03-02,0.0
2272,2014-03-03,0.0011332006831274153
2273,2014-03-04,-0.0014234875444839859
2274,2014-03-05,0.002077982939983731
2275,2014-03-06,-0.0013211972380355972
2276,2014-03-07,0.0007269589287987193
2277,2014-03-08,0.0008061140715454127
2278,2014-03-09,0.0
2279,2014-03-10,-0.0005748741594746123
2280,2014-03-11,-0.002755179606147404
2281,2014-03-12,-0.00013763358959088508
2282,2014-03-13,0.0011642314641806255
2283,2014-03-14,-0.003160759433001426
2284,2014-03-15,-0.0006470397929472662
2285,2014-03-16,-0.00019770660340055356
2286,2014-03-17,-0.001772341274120634
2287,2014-03-18,0.0016647977328473817
2288,2014-03-19,-0.0007884525778838543
2289,2014-03-20,-0.0015129742583956632
2290,2014-03-21,-0.0016776467358803173
2291,2014-03-22,0.0
2292,2014-03-23,0.0
2293,2014-03-24,-0.00240345455004348
2294,2014-03-25,0.00023950172230124782
2295,2014-03-26,0.0024806044972118515
2296,2014-03-27,0.0020239195802659623
2297,2014-03-28,-0.0026458410137959916
2298,2014-03-29,0.0
2299,2014-03-30,0.0
2300,2014-03-31,0.0008756550733257301
2301,2014-04-01,0.0013929940213620946
2302,2014-04-02,0.00023393191480586988
2303,2014-04-03,0.0005554800154831101
2304,2014-04-04,0.0008135295642319431
2305,2014-04-05,0.0007974481658692185
2306,2014-04-06,0.0
2307,2014-04-07,0.0
2308,2014-04-08,-0.0018571163797180305
2309,2014-04-09,0.0007520418646097612
2310,2014-04-10,-0.000880798158690398
2311,2014-04-11,-0.0004125544358838148
2312,2014-04-12,0.0
2313,2014-04-13,0.0
2314,2014-04-14,-0.0020558491199060597
2315,2014-04-15,0.0046545345312207845
2316,2014-04-16,-0.00035361808790041285
2317,2014-04-17,0.0013126289816681276
2318,2014-04-18,-0.0007226989433395128
2319,2014-04-19,5.805178218971322e-05
2320,2014-04-20,0.0
2321,2014-04-21,3.394961876575177e-05
2322,2014-04-22,-0.0038800315069279293
2323,2014-04-23,-0.0004561339080912035
2324,2014-04-24,-0.0004018322523660602
2325,2014-04-25,-0.0036122964948587725
2326,2014-04-26,-0.0001368738023542294
2327,2014-04-27,0.0
2328,2014-04-28,0.0003997515962174203
2329,2014-04-29,0.0037008715429938336
2330,2014-04-30,-0.0022368623145070897
2331,2014-05-01,-0.0010331764435770865
2332,2014-05-02,7.01459034792368e-05
2333,2014-05-03,0.0003367003367003367
2334,2014-05-04,7.938219681991924e-05
2335,2014-05-05,0.0005603449187288418
2336,2014-05-06,0.0004456327985739751
2337,2014-05-07,0.0007144397713792732
2338,2014-05-08,-0.0052388505457900475
2339,2014-05-09,-0.003991505177744797
2340,2014-05-10,5.260942760942761e-05
2341,2014-05-11,0.0
2342,2014-05-12,-0.0004219238649843632
2343,2014-05-13,0.0024607692710333653
2344,2014-05-14,-0.0042985440375713216
2345,2014-05-15,-0.004564135913213881
2346,2014-05-16,-0.0028240590963010894
2347,2014-05-17,0.0
2348,2014-05-18,0.0
2349,2014-05-19,0.0021330220952107074
2350,2014-05-20,-0.0025294463016882944
2351,2014-05-21,-0.0006667438854073887
2352,2014-05-22,0.0005214710349433279
2353,2014-05-23,0.0006645951361667658
2354,2014-05-24,-0.00014234875444839857
2355,2014-05-25,0.0
2356,2014-05-26,-0.0006977552289147091
2357,2014-05-27,0.000324486204408142
2358,2014-05-28,-0.002960484689501268
2359,2014-05-29,-0.0010714868366113917
2360,2014-05-30,8.526880992328328e-05
2361,2014-05-31,-8.679802100512108e-05
2362,2014-06-01,0.0
2363,2014-06-02,0.0
2364,2014-06-03,0.00032567055105607893
2365,2014-06-04,0.0006189481476156051
2366,2014-06-05,-0.0022380633294037805
2367,2014-06-06,-0.000588243325974022
2368,2014-06-07,0.0005827505827505829
2369,2014-06-08,0.0
2370,2014-06-09,-0.0002143105345952321
2371,2014-06-10,0.0007097800197839741
2372,2014-06-11,0.0002490421861017074
2373,2014-06-12,0.0006212519751124115
2374,2014-06-13,0.001551288796516878
2375,2014-06-14,-0.00012709710218607013
2376,2014-06-15,-0.00016175994823681655
2377,2014-06-16,-0.0006123158131292345
2378,2014-06-17,0.004024391439467467
2379,2014-06-18,0.0032790487852197552
2380,2014-06-19,-0.0025857082634824467
2381,2014-06-20,0.00022353494081449787
2382,2014-06-21,0.0
2383,2014-06-22,0.0
2384,2014-06-23,0.0013248910046063074
2385,2014-06-24,0.00032567055105607893
2386,2014-06-25,0.0021746333092852997
2387,2014-06-26,-0.00011842890267122657
2388,2014-06-27,-0.00028525849457586755
2389,2014-06-28,7.01459034792368e-05
2390,2014-06-29,0.0
2391,2014-06-30,0.002032907693285052
2392,2014-07-01,2.54622140743138e-05
2393,2014-07-02,1.5277328444588295e-05
2394,2014-07-03,0.0016122281430908255
2395,2014-07-04,0.002703777068514535
2396,2014-07-05,0.0
2397,2014-07-06,0.0
2398,2014-07-07,0.0001932132715050865
2399,2014-07-08,-0.0014879095892284086
2400,2014-07-09,-0.0006850489611122013
2401,2014-07-10,-0.00011364952592171398
2402,2014-07-11,-0.0015329977585989665
2403,2014-07-12,0.0
2404,2014-07-13,4.1061016670772766e-05
2405,2014-07-14,-0.000880798158690398
2406,2014-07-15,0.002043152576960406
2407,2014-07-16,0.00461459497902581
2408,2014-07-17,0.0001524101869189758
2409,2014-07-18,-0.0035166955095780714
2410,2014-07-19,0.0
2411,2014-07-20,0.0
2412,2014-07-21,-7.95694189822304e-05
2413,2014-07-22,0.0007601833632987008
2414,2014-07-23,-0.0026537618174628853
2415,2014-07-24,-0.004540680984258071
2416,2014-07-25,-0.0005498419293137405
2417,2014-07-26,-0.00023724792408066428
2418,2014-07-27,0.0
2419,2014-07-28,-0.00011364952592171398
2420,2014-07-29,-0.0005835570782189999
2421,2014-07-30,-0.0008019648137937948
2422,2014-07-31,-0.0009783741796738857
2423,2014-08-01,-0.004016245773624882
2424,2014-08-02,0.00030921459492888067
2425,2014-08-03,0.00011814046901766199
2426,2014-08-04,-0.0005455177244242271
2427,2014-08-05,-0.0009128271826427762
2428,2014-08-06,-0.003096911033341589
2429,2014-08-07,-7.834527407481147e-05
2430,2014-08-08,0.00046441425751770574
2431,2014-08-09,0.0
2432,2014-08-10,0.0
2433,2014-08-11,0.0002189853705377082
2434,2014-08-12,6.110931377835318e-05
2435,2014-08-13,0.0014610817546760607
2436,2014-08-14,-0.003287121911083952
2437,2014-08-15,5.91380455919545e-05
2438,2014-08-16,0.0
2439,2014-08-17,-8.47314014573801e-05
2440,2014-08-18,-0.0014684636570757568
2441,2014-08-19,-0.0010005152353906805
2442,2014-08-20,-0.0012726975237712752
2443,2014-08-21,0.00017049275146868476
2444,2014-08-22,-0.001129374855172551
2445,2014-08-23,0.0
2446,2014-08-24,0.0
2447,2014-08-25,-0.001392763327900641
2448,2014-08-26,0.000927423703224415
2449,2014-08-27,0.0007531807871745196
2450,2014-08-28,0.00017343228166642093
2451,2014-08-29,0.0017316524499864422
2452,2014-08-30,3.7411148522259634e-05
2453,2014-08-31,0.0
2454,2014-09-01,-0.000947273491421749
2455,2014-09-02,-0.002632878522558238
2456,2014-09-03,-0.0017556395288982987
2457,2014-09-04,-0.0001039274043849541
2458,2014-09-05,-0.0004726985154031415
2459,2014-09-06,-6.714563889075404e-05
2460,2014-09-07,0.0
2461,2014-09-08,0.0
2462,2014-09-09,-0.0005949993738703529
2463,2014-09-10,-0.0008656119835405637
2464,2014-09-11,-0.0019898339716319996
2465,2014-09-12,0.004423435621537639
2466,2014-09-13,0.0
2467,2014-09-14,0.0
2468,2014-09-15,-0.0009297313897287534
2469,2014-09-16,-0.0022477754123991106
2470,2014-09-17,-0.0003613494716697564
2471,2014-09-18,0.0001501354080097374
2472,2014-09-19,0.0009704444757825541
2473,2014-09-20,0.00011413570735604634
2474,2014-09-21,0.0
2475,2014-09-22,-0.000243474749046186
2476,2014-09-23,-0.0002377035859066835
2477,2014-09-24,-0.0009543376091418797
2478,2014-09-25,0.00046092888476082134
2479,2014-09-26,-0.0004110421873070799
2480,2014-09-27,3.4357177214320065e-05
2481,2014-09-28,0.00020528719054392663
2482,2014-09-29,-0.001127853538076767
2483,2014-09-30,-0.0002062772179419074
2484,2014-10-01,0.0
2485,2014-10-02,0.0
2486,2014-10-03,4.0083373416706745e-05
2487,2014-10-04,0.0
2488,2014-10-05,0.0
2489,2014-10-06,0.0
2490,2014-10-07,-4.261857222064274e-05
2491,2014-10-08,-0.000819372286820476
2492,2014-10-09,-0.002181174096544837
2493,2014-10-10,-0.0006850489611122013
2494,2014-10-11,-0.0010169171244954456
2495,2014-10-12,0.0
2496,2014-10-13,-0.003059249547355934
2497,2014-10-14,1.7973327581868545e-05
2498,2014-10-15,-0.003543441532765376
2499,2014-10-16,-0.0024496262930426634
2500,2014-10-17,0.0001397093380090613
2501,2014-10-18,0.0
2502,2014-10-19,0.0
2503,2014-10-20,0.0018027532855528108
2504,2014-10-21,-0.0014337722819336108
2505,2014-10-22,-8.896797153024912e-05
2506,2014-10-23,3.1175957101883024e-05
2507,2014-10-24,0.0
2508,2014-10-25,-7.908264136022143e-05
2509,2014-10-26,0.0
2510,2014-10-27,0.0004973895335067441
2511,2014-10-28,-0.001605997651865584
2512,2014-10-29,-0.0006000694968666499
2513,2014-10-30,0.0012939813709897138
2514,2014-10-31,0.0014168065499889073
2515,2014-11-01,0.0
2516,2014-11-02,0.0
2517,2014-11-03,0.0008139211732369809
2518,2014-11-04,0.0005206597733288126
2519,2014-11-05,0.0002801724593644209
2520,2014-11-06,0.0001897938176726869
2521,2014-11-07,0.0002082155982161816
2522,2014-11-08,0.0
2523,2014-11-09,0.0
2524,2014-11-10,-0.0014763291275746795
2525,2014-11-11,0.001965762054394298
2526,2014-11-12,-9.608382669552351e-05
2527,2014-11-13,5.2379411810016935e-05
2528,2014-11-14,0.0008587256511337178
2529,2014-11-15,-0.0002737476047084588
2530,2014-11-16,0.0
2531,2014-11-17,0.0012333259942245707
2532,2014-11-18,0.0001596678148674985
2533,2014-11-19,0.0004927170837098437
2534,2014-11-20,0.0016828252679475272
2535,2014-11-21,0.0009585774710329871
2536,2014-11-22,0.0
2537,2014-11-23,0.0
2538,2014-11-24,0.0013651341409348528
2539,2014-11-25,-0.00014424747520832927
2540,2014-11-26,0.0002844869123311913
2541,2014-11-27,-0.0008528160536294749
2542,2014-11-28,0.00041888656905283723
2543,2014-11-29,0.0
2544,2014-11-30,-7.413997627520758e-05
2545,2014-12-01,-0.0034037623759561146
2546,2014-12-02,-0.0012054967570981807
2547,2014-12-03,-8.083242563274202e-05
2548,2014-12-04,0.0004141679834082743
2549,2014-12-05,-0.0004688042944270702
2550,2014-12-06,-0.00023724792408066428
2551,2014-12-07,5.260942760942761e-05
2552,2014-12-08,-0.0004297259230937652
2553,2014-12-09,0.000482114730419303
2554,2014-12-10,-0.0012467585060292265
2555,2014-12-11,-9.093647883683478e-05
2556,2014-12-12,-0.0010338657432370363
2557,2014-12-13,0.0
2558,2014-12-14,0.0
2559,2014-12-15,1.4784511397988626e-05
2560,2014-12-16,-0.0032390641964743674
2561,2014-12-17,-0.001129374855172551
2562,2014-12-18,0.0007645926172832245
2563,2014-12-19,-0.001281406085676548
2564,2014-12-20,0.0
2565,2014-12-21,4.81000481000481e-05
2566,2014-12-22,-0.0005263767516374121
2567,2014-12-23,6.666470594002163e-05
2568,2014-12-24,-0.00041466332814562207
2569,2014-12-25,-0.0004018322523660602
2570,2014-12-26,0.0005064121207764042
2571,2014-12-27,0.0
2572,2014-12-28,0.0
2573,2014-12-29,0.0005194957349959327
2574,2014-12-30,0.00048021839039141784
2575,2014-12-31,-0.001981795857053396
2576,2015-01-01,-0.009855657223548182
2577,2015-01-02,-0.0004778530780137954
2578,2015-01-03,0.04434278451939148
2579,2015-01-04,0.03461404764690901
2580,2015-01-05,0.0448354433687075
2581,2015-01-06,0.057896833833820376
2582,2015-01-07,0.06283330662581468
2583,2015-01-08,0.058846500891983455
2584,2015-01-09,0.06471375145950077
2585,2015-01-10,0.03228855437354496
2586,2015-01-11,0.03894446668541146
2587,2015-01-12,0.04501519744698867
2588,2015-01-13,0.06641230500893197
2589,2015-01-14,0.02956109091928317
2590,2015-01-15,0.0302771589573899
2591,2015-01-16,0.018272472691621522
2592,2015-01-17,0.014837394151116443
2593,2015-01-18,0.0183790550277933
2594,2015-01-19,0.013961599168651903
2595,2015-01-20,0.04008022095210707
2596,2015-01-21,0.05395510493620129
2597,2015-01-22,0.06024254439810922
2598,2015-01-23,0.07649654510644349
2599,2015-01-24,0.024728159026977226
2600,2015-01-25,0.025593046945360118
2601,2015-01-26,0.05531138176488261
2602,2015-01-27,0.036118359215683425
2603,2015-01-28,0.36644206977454874
2604,2015-01-29,0.11815035717764069
2605,2015-01-30,0.13221031637401745
2606,2015-01-31,0.054887114829285655
2607,2015-02-01,0.026749794829896166
2608,2015-02-02,0.023134707828681576
2609,2015-02-03,0.030684942752875522
2610,2015-02-04,0.04142112501799071
2611,2015-02-05,0.05195891285404031
2612,2015-02-06,0.033419918859104676
2613,2015-02-07,0.02030549302198175
2614,2015-02-08,0.012049917921804043
2615,2015-02-09,0.017084374061619827
2616,2015-02-10,0.05567535013063654
2617,2015-02-11,0.11493275645608583
2618,2015-02-12,0.0638787665478057
2619,2015-02-13,0.06790091851518433
2620,2015-02-14,0.10493907041949746
2621,2015-02-15,0.018471777755228964
2622,2015-02-16,0.022382529007803482
2623,2015-02-17,0.06834734303473972
2624,2015-02-18,0.061752949846446345
2625,2015-02-19,0.040259467360937565
2626,2015-02-20,0.06331565336351198
2627,2015-02-21,0.03849900384193493
2628,2015-02-22,0.018774711301401695
2629,2015-02-23,0.045052277389678874
2630,2015-02-24,0.0873583902240954
2631,2015-02-25,0.11952442575218378
2632,2015-02-26,0.0777046862456115
2633,2015-02-27,0.1033040369626002
2634,2015-02-28,0.04653442218015745
2635,2015-03-01,0.04027451713539952
2636,2015-03-02,0.0792852354474381
2637,2015-03-03,0.08093613128749846
2638,2015-03-04,0.07708567971760923
2639,2015-03-05,0.05277681279759463
2640,2015-03-06,0.05504223053742962
2641,2015-03-07,0.0555810936064551
2642,2015-03-08,0.0450663984916654
2643,2015-03-09,0.08705489142348051
2644,2015-03-10,0.14738880655982242
2645,2015-03-11,0.05667930507103791
2646,2015-03-12,0.04925989470614778
2647,2015-03-13,0.06835494694461888
2648,2015-03-14,0.02630301895145498
2649,2015-03-15,0.055351977267064575
2650,2015-03-16,0.04598957316017729
2651,2015-03-17,0.08426345779054362
2652,2015-03-18,0.05424672862395282
2653,2015-03-19,0.1260573514511941
2654,2015-03-20,0.06187876946708645
2655,2015-03-21,0.036328006479763336
2656,2015-03-22,0.042675617999489546
2657,2015-03-23,0.03147755596366634
2658,2015-03-24,0.09136453360919905
2659,2015-03-25,0.05400309710880857
2660,2015-03-26,0.06846459298844959
2661,2015-03-27,0.08314478597711614
2662,2015-03-28,0.2201568772562635
2663,2015-03-29,0.05834171164881184
2664,2015-03-30,0.060529633483370135
2665,2015-03-31,0.11315013861666351
2666,2015-04-01,0.11795170523156653
2667,2015-04-02,0.07867051000540551
2668,2015-04-03,0.0833741706898799
2669,2015-04-04,0.06161981545312681
2670,2015-04-05,0.036769952962757
2671,2015-04-06,0.08559880935574289
2672,2015-04-07,0.08975420553719292
2673,2015-04-08,0.03805640413333333
2674,2015-04-09,0.044077767783360935
2675,2015-04-10,0.009012952462161973
2676,2015-04-11,0.041239986301007274
2677,2015-04-12,0.045725857113757463
2678,2015-04-13,0.013562021019630398
2679,2015-04-14,0.049048654977831084
2680,2015-04-15,0.049315243145464274
2681,2015-04-16,0.0470574251542768
2682,2015-04-17,0.04755277759000611
2683,2015-04-18,0.019187375397276038
2684,2015-04-19,0.021577025379615835
2685,2015-04-20,0.02645191608823238
2686,2015-04-21,0.0713374045224579
2687,2015-04-22,0.06349228898161283
2688,2015-04-23,0.07011626160390547
2689,2015-04-24,0.16727591475489312
2690,2015-04-25,0.08026872192462846
2691,2015-04-26,0.017016196240640956
2692,2015-04-27,0.07481649767242371
2693,2015-04-28,0.2538289102538711
2694,2015-04-29,0.06435146611144145
2695,2015-04-30,-0.18888419787464555
2696,2015-05-01,0.025304445421353544
2697,2015-05-02,0.020630480520753357
2698,2015-05-03,0.011368435364368257
2699,2015-05-04,0.042257189267297546
2700,2015-05-05,0.04095582013773745
2701,2015-05-06,0.04078129781292886
2702,2015-05-07,0.03706502464250337
2703,2015-05-08,0.03051388517962833
2704,2015-05-09,0.04127477052466397
2705,2015-05-10,0.02195768751899454
2706,2015-05-11,0.03675682306687645
2707,2015-05-12,0.032110365608740976
2708,2015-05-13,0.022231190731136812
2709,2015-05-14,0.03871463703088497
2710,2015-05-15,0.04781725231232262
2711,2015-05-16,0.016020376631485065
2712,2015-05-17,0.021214259156163526
2713,2015-05-18,0.01392472033041428
2714,2015-05-19,0.056524789057698574
2715,2015-05-20,0.025956193218565973
2716,2015-05-21,0.015645974625189962
2717,2015-05-22,0.04049728520632391
2718,2015-05-23,0.02529718087706955
2719,2015-05-24,0.0112547948170069
2720,2015-05-25,0.02134850828738573
2721,2015-05-26,0.01659150401035929
2722,2015-05-27,0.022128733774612448
2723,2015-05-28,0.05336193173922046
2724,2015-05-29,0.052399357996800545
2725,2015-05-30,0.042207650181187516
2726,2015-05-31,0.019512361836852295
2727,2015-06-01,0.027624756495347833
2728,2015-06-02,0.048337239713025275
2729,2015-06-03,0.034479972461607715
2730,2015-06-04,0.052986126951915624
2731,2015-06-05,0.03570363059818451
2732,2015-06-06,0.019329754644108143
2733,2015-06-07,0.023761944821055366
2734,2015-06-08,0.024163378955701684
2735,2015-06-09,0.06502878944513812
2736,2015-06-10,0.07883181576821034
2737,2015-06-11,0.0669413650795408
2738,2015-06-12,0.044674440963205574
2739,2015-06-13,0.041841697861140614
2740,2015-06-14,0.016671027185947318
2741,2015-06-15,0.03577987001982935
2742,2015-06-16,0.031277289476687606
2743,2015-06-17,0.04111988688785841
2744,2015-06-18,0.051171491969493436
2745,2015-06-19,0.05677969456466535
2746,2015-06-20,0.03332373953481605
2747,2015-06-21,0.009349630582997441
2748,2015-06-22,0.013192448380629121
2749,2015-06-23,0.03970813598334358
2750,2015-06-24,0.07395254783219068
2751,2015-06-25,0.04786751393234181
2752,2015-06-26,0.057931968657005464
2753,2015-06-27,0.03331005723676277
2754,2015-06-28,0.037370686087892076
2755,2015-06-29,0.02724389448806063
2756,2015-06-30,0.04025777470371899
2757,2015-07-01,0.043431447386058336
2758,2015-07-02,0.04509054636218282
2759,2015-07-03,0.02862308628532076
2760,2015-07-04,0.010560387208911389
2761,2015-07-05,0.010990911709245701
2762,2015-07-06,0.022028617224346764
2763,2015-07-07,0.045131104805547925
2764,2015-07-08,0.009984915383052653
2765,2015-07-09,0.0008915783062442284
2766,2015-07-10,0.0108342359869694
2767,2015-07-11,0.04470898641626065
2768,2015-07-12,0.016301886329668495
2769,2015-07-13,0.07136178204227853
2770,2015-07-14,0.062503236086031
2771,2015-07-15,0.060512646215072304
2772,2015-07-16,0.05203555997765626
2773,2015-07-17,0.21880902608575445
2774,2015-07-18,0.20068815689333222
2775,2015-07-19,0.06788065204703557
2776,2015-07-20,0.13480669112764068
2777,2015-07-21,0.11032874845664081
2778,2015-07-22,-0.038057048107299374
2779,2015-07-23,0.04333521827434545
2780,2015-07-24,0.1610527631903692
2781,2015-07-25,0.046900558050458514
2782,2015-07-26,0.01971141492691512
2783,2015-07-27,0.026270264926848558
2784,2015-07-28,0.04145928056966915
2785,2015-07-29,0.04495938078143292
2786,2015-07-30,0.027097141249675497
2787,2015-07-31,0.026561437844825637
2788,2015-08-01,0.0169666007056571
2789,2015-08-02,0.013225162180492033
2790,2015-08-03,0.014225450278347776
2791,2015-08-04,0.010499587151992298
2792,2015-08-05,0.03599480237217183
2793,2015-08-06,0.038005377797126844
2794,2015-08-07,0.01713217585103706
2795,2015-08-08,0.014092758717701073
2796,2015-08-09,0.04449889321992642
2797,2015-08-10,0.011618506879509402
2798,2015-08-11,0.10448859911309093
2799,2015-08-12,0.019229470245816227
2800,2015-08-13,0.026579457724081726
2801,2015-08-14,0.029456870995785284
2802,2015-08-15,0.016308048855498438
2803,2015-08-16,0.013450081316439806
2804,2015-08-17,0.02914275215580079
2805,2015-08-18,0.0634874333608363
2806,2015-08-19,0.041612105862747786
2807,2015-08-20,0.048238432900938
2808,2015-08-21,0.013439481735031142
2809,2015-08-22,-0.003574051662887833
2810,2015-08-23,-0.0008130050389836868
2811,2015-08-24,0.0044323699711632455
2812,2015-08-25,0.030368159457816218
2813,2015-08-26,0.0330580969154424
2814,2015-08-27,0.042574894170857976
2815,2015-08-28,0.03378526177466541
2816,2015-08-29,0.01017119913420212
2817,2015-08-30,0.003605175221176593
2818,2015-08-31,0.01270739808478163
2819,2015-09-01,0.032877469377428636
2820,2015-09-02,0.012512648187695444
2821,2015-09-03,0.0327482711308592
2822,2015-09-04,0.010079059069783064
2823,2015-09-05,0.013122453989123513
2824,2015-09-06,0.006788246852358124
2825,2015-09-07,0.002524029488168553
2826,2015-09-08,0.023417656685542316
2827,2015-09-09,0.05282108058228416
2828,2015-09-10,0.1314988889820839
2829,2015-09-11,0.042601225888565804
2830,2015-09-12,0.012668444593440725
2831,2015-09-13,0.010000626695882591
2832,2015-09-14,0.02168982111603649
2833,2015-09-15,0.023477610313251657
2834,2015-09-16,0.04464657525155746
2835,2015-09-17,0.03333495083964137
2836,2015-09-18,0.036973780835385044
2837,2015-09-19,0.008774853603633531
2838,2015-09-20,0.00401759280557133
2839,2015-09-21,0.015288996443962474
2840,2015-09-22,0.02212645006239312
2841,2015-09-23,0.02340343536689747
2842,2015-09-24,0.02372377202450542
2843,2015-09-25,0.030094925337695415
2844,2015-09-26,0.017963677473099716
2845,2015-09-27,0.008444915506582263
2846,2015-09-28,0.038413630535921055
2847,2015-09-29,0.03784586336598381
2848,2015-09-30,0.049614230405575395
2849,2015-10-01,0.029693008039837
2850,2015-10-02,0.027445562731215605
2851,2015-10-03,0.01822643048718567
2852,2015-10-04,0.011046876705239694
2853,2015-10-05,0.016095993245272135
2854,2015-10-06,0.028958295200986455
2855,2015-10-07,0.027724670148821184
2856,2015-10-08,0.020733328793796184
2857,2015-10-09,0.013179304968751214
2858,2015-10-10,0.01377133476777605
2859,2015-10-11,0.002624047660844123
2860,2015-10-12,0.01456980109558652
2861,2015-10-13,0.030842354945261233
2862,2015-10-14,0.01693198867832698
2863,2015-10-15,0.011103507557988692
2864,2015-10-16,0.030742252892842284
2865,2015-10-17,0.017554469023564695
2866,2015-10-18,0.010873950648478533
2867,2015-10-19,0.024549393473499225
2868,2015-10-20,0.04709085888726561
2869,2015-10-21,0.004779022216744637
2870,2015-10-22,0.022281000354950377
2871,2015-10-23,0.23886889801480546
2872,2015-10-24,0.06869657672911358
2873,2015-10-25,0.018691362834991565
2874,2015-10-26,0.02304263805845459
2875,2015-10-27,0.05364018175406075
2876,2015-10-28,0.12133604016103997
2877,2015-10-29,0.05423330298963099
2878,2015-10-30,0.03844940295042835
2879,2015-10-31,0.02126285270624495
2880,2015-11-01,0.013032670689880576
2881,2015-11-02,0.0130303065893778
2882,2015-11-03,0.038597206870861774
2883,2015-11-04,0.03950073215315414
2884,2015-11-05,0.04736169857265152
2885,2015-11-06,0.016053898527673936
2886,2015-11-07,0.011516354851351813
2887,2015-11-08,0.008340254641060033
2888,2015-11-09,0.010471658215889648
2889,2015-11-10,0.022545569270068747
2890,2015-11-11,0.01752303534124529
2891,2015-11-12,0.02416976154754765
2892,2015-11-13,0.01584579129732767
2893,2015-11-14,0.015481328547552149
2894,2015-11-15,0.001978889415064566
2895,2015-11-16,0.01744457826527181
2896,2015-11-17,0.02130001078399655
2897,2015-11-18,0.03804933271770806
2898,2015-11-19,0.042216032823219556
2899,2015-11-20,0.024174925418236015
2900,2015-11-21,0.005447311959444934
2901,2015-11-22,0.007024347442000132
2902,2015-11-23,0.009102071473302043
2903,2015-11-24,0.025919220915531435
2904,2015-11-25,0.034337959344906466
2905,2015-11-26,0.013222596767520595
2906,2015-11-27,0.014195237085067168
2907,2015-11-28,0.006738408896849251
2908,2015-11-29,0.003271492473590245
2909,2015-11-30,0.03950430543529543
2910,2015-12-01,0.04377413939984777
2911,2015-12-02,0.04831310335462174
2912,2015-12-03,0.012359132488495614
2913,2015-12-04,0.025173319485612675
2914,2015-12-05,0.02341430015843066
2915,2015-12-06,0.014068349089288513
2916,2015-12-07,0.005141989725204
2917,2015-12-08,0.019363914553212673
2918,2015-12-09,0.027953113679578062
2919,2015-12-10,0.007216631586011742
2920,2015-12-11,0.020394147928510787
2921,2015-12-12,0.033929350336637736
2922,2015-12-13,0.005514378823987366
2923,2015-12-14,0.003218814333841678
2924,2015-12-15,0.010913893922264429
2925,2015-12-16,0.021748108785286036
2926,2015-12-17,0.020413423242913297
2927,2015-12-18,0.021931740823045658
2928,2015-12-19,0.00024262047070199716
2929,2015-12-20,0.00991406659494055
2930,2015-12-21,0.007271685308031095
2931,2015-12-22,0.019242375431249577
2932,2015-12-23,0.021123828981976796
2933,2015-12-24,0.013041662566194392
2934,2015-12-25,0.008221368296787018
2935,2015-12-26,0.004627629707340895
2936,2015-12-27,0.005463953992275463
2937,2015-12-28,0.01462289456118007
2938,2015-12-29,0.02644623869123894
2939,2015-12-30,0.05037099062638104
2940,2015-12-31,0.016820112482487756
2941,2016-01-01,0.00710665742408636
2942,2016-01-02,0.004536311591858551
2943,2016-01-03,0.002826625800133116
2944,2016-01-04,0.017145613266520966
2945,2016-01-05,0.021531745079436927
2946,2016-01-06,-0.001609268096145318
2947,2016-01-07,0.015558832004780317
2948,2016-01-08,-0.026101242767227695
2949,2016-01-09,0.012497976945874293
2950,2016-01-10,0.004597223962414344
2951,2016-01-11,0.0028396008471576317
2952,2016-01-12,0.041326883086246574
2953,2016-01-13,0.035487933844319364
2954,2016-01-14,0.012599180367355254
2955,2016-01-15,0.0232105555355852
2956,2016-01-16,0.010442187247362324
2957,2016-01-17,0.005309946126904196
2958,2016-01-18,0.010541356626765879
2959,2016-01-19,0.012023014988614042
2960,2016-01-20,0.024755288152381864
2961,2016-01-21,0.027917146118558753
2962,2016-01-22,0.024062694103311945
2963,2016-01-23,0.03753869847552136
2964,2016-01-24,0.012106267427971247
2965,2016-01-25,0.014074570480264432
2966,2016-01-26,0.004529085289043961
2967,2016-01-27,-0.005965648606132995
2968,2016-01-28,0.024596879253086228
2969,2016-01-29,0.032486313038723263
2970,2016-01-30,0.03870140962779739
2971,2016-01-31,0.018512327037779615
2972,2016-02-01,0.016597683087884355
2973,2016-02-02,0.14976445840448724
2974,2016-02-03,0.04268904720254429
2975,2016-02-04,0.029946282509363913
2976,2016-02-05,0.010855546693289498
2977,2016-02-06,0.0067387900864401065
2978,2016-02-07,0.006883239817565279
2979,2016-02-08,0.007820219119151503
2980,2016-02-09,0.03913182289814572
2981,2016-02-10,0.018122420054129864
2982,2016-02-11,0.016785744029060398
2983,2016-02-12,0.006803593187336161
2984,2016-02-13,-0.0022634338927883593
2985,2016-02-14,0.0013103631134473367
2986,2016-02-15,0.0021930142236085814
2987,2016-02-16,0.013076688011621885
2988,2016-02-17,-0.004621076701632698
2989,2016-02-18,0.018088615374402976
2990,2016-02-19,0.009934191669714426
2991,2016-02-20,-0.014737948034053632
2992,2016-02-21,0.0010907427834924298
2993,2016-02-22,0.008713943233516189
2994,2016-02-23,-0.017847390212569512
2995,2016-02-24,-0.005483580244012853
2996,2016-02-25,-0.022344943378585374
2997,2016-02-26,-0.03930330957632108
2998,2016-02-27,0.01157500548755539
2999,2016-02-28,-8.054975550141844e-05
3000,2016-02-29,0.0049097584288773045
3001,2016-03-01,0.002091004683855785
3002,2016-03-02,0.001545016184745885
3003,2016-03-03,0.02652367271584353
3004,2016-03-04,0.03830404980008241
3005,2016-03-05,0.003057759582077494
3006,2016-03-06,0.005578491945967748
3007,2016-03-07,-0.01028488156565348
3008,2016-03-08,-0.04135792236387317
3009,2016-03-09,0.011055570277893653
3010,2016-03-10,0.04019762412306165
3011,2016-03-11,-0.00309237501803733
3012,2016-03-12,0.019696177907161654
3013,2016-03-13,0.012216528735872097
3014,2016-03-14,0.018260774883946097
3015,2016-03-15,0.03417912990104563
3016,2016-03-16,0.039266051963696
3017,2016-03-17,0.016969487750933678
3018,2016-03-18,-0.008416887674640602
3019,2016-03-19,0.009152300339237748
3020,2016-03-20,0.012639558166616698
3021,2016-03-21,0.043756238040045865
3022,2016-03-22,0.13889470487335256
3023,2016-03-23,0.051875414088290175
3024,2016-03-24,0.071377363591375
3025,2016-03-25,0.038046280293357056
3026,2016-03-26,0.0225095896340138
3027,2016-03-27,0.012282097691350361
3028,2016-03-28,0.03282469147277153
3029,2016-03-29,0.014631196652609452
3030,2016-03-30,0.06999753127228757
3031,2016-03-31,0.06096611957997871
3032,2016-04-01,0.07466293048375895
3033,2016-04-02,0.04597124629639542
3034,2016-04-03,0.008394667313706458
3035,2016-04-04,0.028025526869394857
3036,2016-04-05,0.0459112639743127
3037,2016-04-06,0.0525654843466533
3038,2016-04-07,0.04755717553671153
3039,2016-04-08,0.034872088942495626
3040,2016-04-09,0.012671195945217298
3041,2016-04-10,0.011158246357211094
3042,2016-04-11,0.014265072243528859
3043,2016-04-12,0.013660945725209164
3044,2016-04-13,0.054098215218313
3045,2016-04-14,0.03138724374043718
3046,2016-04-15,0.034456607009532327
3047,2016-04-16,0.014770141585049777
3048,2016-04-17,0.00851078771255356
3049,2016-04-18,0.015048954480264158
3050,2016-04-19,0.06679268172826207
3051,2016-04-20,0.03690186580016663
3052,2016-04-21,0.029914564132798496
3053,2016-04-22,-0.05519042931778603
3054,2016-04-23,0.020529763715703368
3055,2016-04-24,0.004741414959711983
3056,2016-04-25,0.012792128676166522
3057,2016-04-26,0.024294714086156608
3058,2016-04-27,-0.12149028290723078
3059,2016-04-28,0.013640090647047479
3060,2016-04-29,0.09398197261310726
3061,2016-04-30,0.025303264115344868
3062,2016-05-01,0.022238486722068084
3063,2016-05-02,0.034459236794273276
3064,2016-05-03,0.0626183428976584
3065,2016-05-04,0.06861287890963902
3066,2016-05-05,0.057007410370691396
3067,2016-05-06,0.023599141769541598
3068,2016-05-07,0.027508806560693565
3069,2016-05-08,0.013940796520540207
3070,2016-05-09,0.0031609971536185263
3071,2016-05-10,0.07098359228622002
3072,2016-05-11,0.06643319651915489
3073,2016-05-12,0.01080405658585186
3074,2016-05-13,0.015025911198363988
3075,2016-05-14,0.031068114544184653
3076,2016-05-15,0.007134965996175961
3077,2016-05-16,0.03331230008386563
3078,2016-05-17,0.09208052218833043
3079,2016-05-18,0.09870259384388637
3080,2016-05-19,0.19211575867001604
3081,2016-05-20,0.12237200896125788
3082,2016-05-21,0.08720107360676756
3083,2016-05-22,0.011994075791525376
3084,2016-05-23,0.040881214630429624
3085,2016-05-24,0.061653606048623855
3086,2016-05-25,0.07203408181474379
3087,2016-05-26,0.05767827556892585
3088,2016-05-27,0.07442000575894356
3089,2016-05-28,0.03995648692634248
3090,2016-05-29,0.004506469026470741
3091,2016-05-30,0.020260992594823383
3092,2016-05-31,0.026548548518883473
3093,2016-06-01,0.06685150433212061
3094,2016-06-02,0.04591306924125204
3095,2016-06-03,0.05205920947966683
3096,2016-06-04,0.024979209598600272
3097,2016-06-05,0.0020717903280180854
3098,2016-06-06,0.016817881853772684
3099,2016-06-07,0.03223690260520856
3100,2016-06-08,0.06818933316199179
3101,2016-06-09,0.05703069763442114
3102,2016-06-10,0.07514374906705504
3103,2016-06-11,0.04281458623095634
3104,2016-06-12,0.00968949957051614
3105,2016-06-13,0.05463373319902355
3106,2016-06-14,0.3379373732784803
3107,2016-06-15,0.08877490058147376
3108,2016-06-16,0.05453273949543236
3109,2016-06-17,0.017733790198203012
3110,2016-06-18,0.003765234426010105
3111,2016-06-19,0.036917353109523925
3112,2016-06-20,0.0244309125258117
3113,2016-06-21,0.06355367525534805
3114,2016-06-22,0.06064032306529212
3115,2016-06-23,0.010053350869503756
3116,2016-06-24,0.017806037378991117
3117,2016-06-25,0.01459069898771664
3118,2016-06-26,0.004416303348687691
3119,2016-06-27,0.02141003238998205
3120,2016-06-28,0.053126764237588296
3121,2016-06-29,0.05668394676694251
3122,2016-06-30,0.07795600235201058
3123,2016-07-01,0.009985942461387294
3124,2016-07-02,0.017203354093493
3125,2016-07-03,0.011380653279208355
3126,2016-07-04,0.010355210484968822
3127,2016-07-05,0.016804911511317206
3128,2016-07-06,0.02911733532891734
3129,2016-07-07,0.03259593590179842
3130,2016-07-08,0.04055308452868188
3131,2016-07-09,0.03044200086629453
3132,2016-07-10,0.014489739462662257
3133,2016-07-11,0.030988167405723754
3134,2016-07-12,0.08143108462862007
3135,2016-07-13,0.044148325712410785
3136,2016-07-14,0.08178809521669841
3137,2016-07-15,0.06515298665201893
3138,2016-07-16,0.029581852742918892
3139,2016-07-17,0.012410827614838449
3140,2016-07-18,0.02793947531862716
3141,2016-07-19,0.06534775771594545
3142,2016-07-20,0.13899543020354327
3143,2016-07-21,0.10771738755968369
3144,2016-07-22,0.028698179469235224
3145,2016-07-23,0.027260047437311922
3146,2016-07-24,0.02258903421125866
3147,2016-07-25,0.0377195210050221
3148,2016-07-26,0.025184939159754376
3149,2016-07-27,0.23946325604023141
3150,2016-07-28,0.17609266039243013
3151,2016-07-29,0.21808583127124428
3152,2016-07-30,0.05154584788211764
3153,2016-07-31,0.010840017310415239
3154,2016-08-01,0.0495942030875738
3155,2016-08-02,0.0948735685636829
3156,2016-08-03,0.049473023945903916
3157,2016-08-04,0.1192670577488789
3158,2016-08-05,0.1042904129299672
3159,2016-08-06,0.04407635365414021
3160,2016-08-07,0.024135242124217075
3161,2016-08-08,0.04504007682555036
3162,2016-08-09,0.06944929857213923
3163,2016-08-10,0.05412501954501551
3164,2016-08-11,0.07835965449012795
3165,2016-08-12,0.06890964301933677
3166,2016-08-13,0.03818929801198277
3167,2016-08-14,0.01741522074747568
3168,2016-08-15,0.055339332052535814
3169,2016-08-16,0.10576169789962069
3170,2016-08-17,0.07049069393785579
3171,2016-08-18,0.06048960398606033
3172,2016-08-19,0.030332447787379903
3173,2016-08-20,0.028603113233661034
3174,2016-08-21,0.010871713267463237
3175,2016-08-22,0.024978122683329246
3176,2016-08-23,0.06702618924375954
3177,2016-08-24,0.07662364454875673
3178,2016-08-25,0.03400072843935799
3179,2016-08-26,0.0542459431620369
3180,2016-08-27,0.014601670788009027
3181,2016-08-28,0.02390699393111858
3182,2016-08-29,0.028272032158527752
3183,2016-08-30,0.07012551478344291
3184,2016-08-31,0.03247081331304344
3185,2016-09-01,0.0367284783635229
3186,2016-09-02,0.02965435136551265
3187,2016-09-03,0.03897918863185009
3188,2016-09-04,0.015393257488918935
3189,2016-09-05,0.03862760962979078
3190,2016-09-06,0.046736666316597925
3191,2016-09-07,0.13906365182481453
3192,2016-09-08,0.20707803061814709
3193,2016-09-09,0.22288937267187126
3194,2016-09-10,0.06223160179131379
3195,2016-09-11,0.02161058165401394
3196,2016-09-12,0.05000484695873777
3197,2016-09-13,0.11907713047709428
3198,2016-09-14,0.17163660691514834
3199,2016-09-15,0.1686770379423602
3200,2016-09-16,0.11525267372784004
3201,2016-09-17,0.09875449370948639
3202,2016-09-18,0.019003140515944924
3203,2016-09-19,0.049118236197058025
3204,2016-09-20,0.10524819263451132
3205,2016-09-21,0.09907337046706409
3206,2016-09-22,0.07698777854572905
3207,2016-09-23,0.044565200392481324
3208,2016-09-24,0.002679376406568724
3209,2016-09-25,0.007706563459825619
3210,2016-09-26,0.02818980856546815
3211,2016-09-27,0.07821999059869973
3212,2016-09-28,0.10092651242856038
3213,2016-09-29,0.07290419446713589
3214,2016-09-30,0.09584538051807268
3215,2016-10-01,0.03956767140614176
3216,2016-10-02,0.023767643103348918
3217,2016-10-03,0.06086159201197936
3218,2016-10-04,0.09081621586012709
3219,2016-10-05,0.2230278594641262
3220,2016-10-06,0.07613667471318718
3221,2016-10-07,0.05548884893695511
3222,2016-10-08,0.047666665266147636
3223,2016-10-09,0.006512302955528749
3224,2016-10-10,0.017161615286340765
3225,2016-10-11,0.0619025872647245
3226,2016-10-12,0.06297145322056355
3227,2016-10-13,0.030874562931527755
3228,2016-10-14,0.05674936289283545
3229,2016-10-15,0.03630249877323644
3230,2016-10-16,0.010138590695044917
3231,2016-10-17,0.027468331590514268
3232,2016-10-18,0.06479341594872254
3233,2016-10-19,0.06857902468015711
3234,2016-10-20,0.04734587890262438
3235,2016-10-21,0.12864669734369513
3236,2016-10-22,0.024733319422615897
3237,2016-10-23,0.024579638758610956
3238,2016-10-24,0.047264411500126266
3239,2016-10-25,0.08114590948454967
3240,2016-10-26,0.10282550962229196
3241,2016-10-27,0.141881168684655
3242,2016-10-28,0.21298999452767123
3243,2016-10-29,0.06821402790766862
3244,2016-10-30,0.0361421545163819
3245,2016-10-31,0.04037458411717011
3246,2016-11-01,0.04080842512005607
3247,2016-11-02,0.05168408751772479
3248,2016-11-03,0.05280460447413742
3249,2016-11-04,0.06595106105782261
3250,2016-11-05,0.03274071773941372
3251,2016-11-06,0.006603646342673626
3252,2016-11-07,0.028776938675566712
3253,2016-11-08,0.05289648668838132
3254,2016-11-09,0.0502566374241742
3255,2016-11-10,0.05184345055264947
3256,2016-11-11,0.07004035611153048
3257,2016-11-12,0.039252545879296746
3258,2016-11-13,0.015532532659921303
3259,2016-11-14,0.02375755725653389
3260,2016-11-15,0.04469976275384061
3261,2016-11-16,0.05881370600941499
3262,2016-11-17,0.09490905957098127
3263,2016-11-18,0.057933322816708606
3264,2016-11-19,0.04026499674483067
3265,2016-11-20,0.021092945855960374
3266,2016-11-21,0.04807141101390961
3267,2016-11-22,0.04441034343743562
3268,2016-11-23,0.03506369551388022
3269,2016-11-24,0.04468177034391592
3270,2016-11-25,0.050141164282696285
3271,2016-11-26,0.02377819558586559
3272,2016-11-27,0.011508329364544902
3273,2016-11-28,0.042493836820576864
3274,2016-11-29,0.04337213919371239
3275,2016-11-30,0.04357732738515656
3276,2016-12-01,0.05221768137463314
3277,2016-12-02,0.049592933187678594
3278,2016-12-03,0.030210051210832388
3279,2016-12-04,0.026384896761258242
3280,2016-12-05,0.034289593191072866
3281,2016-12-06,0.07390704520467857
3282,2016-12-07,0.09614699675589682
3283,2016-12-08,0.08970439898645192
3284,2016-12-09,0.09953482405423694
3285,2016-12-10,0.025063228932491827
3286,2016-12-11,0.026584828115077227
3287,2016-12-12,0.011937999179496266
3288,2016-12-13,0.07949809025462289
3289,2016-12-14,0.15919896926636487
3290,2016-12-15,0.05589353643467903
3291,2016-12-16,0.04517249435106404
3292,2016-12-17,0.031410430622755316
3293,2016-12-18,0.017154658094324437
3294,2016-12-19,0.036151510249698544
3295,2016-12-20,0.0399214204052221
3296,2016-12-21,0.01714550865136826
3297,2016-12-22,0.03809316352523286
3298,2016-12-23,0.031071504173520784
3299,2016-12-24,0.017145289149522798
3300,2016-12-25,0.01446048935175072
3301,2016-12-26,0.03267131576740117
3302,2016-12-27,0.0326482826218565
3303,2016-12-28,0.043121503102240305
3304,2016-12-29,0.05115520369014618
3305,2016-12-30,0.033073569372501756
3306,2016-12-31,0.03021873483675459
3307,2017-01-01,0.014809708256821222
3308,2017-01-02,0.032008150095372535
3309,2017-01-03,0.03643490566923893
3310,2017-01-04,0.037094202667063966
3311,2017-01-05,0.06012341283861109
3312,2017-01-06,0.12361176879044729
3313,2017-01-07,0.041802263034654376
3314,2017-01-08,0.0239540348893895
3315,2017-01-09,0.08528300031122608
3316,2017-01-10,0.07146075957224432
3317,2017-01-11,0.05134803794585206
3318,2017-01-12,0.07301392440624481
3319,2017-01-13,0.07925360194043468
3320,2017-01-14,0.03979586272581115
3321,2017-01-15,0.03515550922431112
3322,2017-01-16,0.026246115403524437
3323,2017-01-17,0.04682107408714066
3324,2017-01-18,0.05049307898507187
3325,2017-01-19,0.05861555087145667
3326,2017-01-20,0.042003963827603505
3327,2017-01-21,0.03777576817120145
3328,2017-01-22,0.00885073123922262
3329,2017-01-23,0.027785270000077127
3330,2017-01-24,0.06537295281121534
3331,2017-01-25,0.08065587629982422
3332,2017-01-26,0.06515928451350171
3333,2017-01-27,0.15110514368769767
3334,2017-01-28,0.06159840614709589
3335,2017-01-29,0.01101478563706197
3336,2017-01-30,0.05338147794241791
3337,2017-01-31,0.049909720937562685
3338,2017-02-01,0.23122092398636768
3339,2017-02-02,0.1314875828517584
3340,2017-02-03,0.07730250953325175
3341,2017-02-04,0.03395565489011029
3342,2017-02-05,0.028787279676959387
3343,2017-02-06,0.03842876623146045
3344,2017-02-07,0.06395535495912301
3345,2017-02-08,0.07225896735965956
3346,2017-02-09,0.08955111277116415
3347,2017-02-10,0.08329888188638182
3348,2017-02-11,0.042781103100877946
3349,2017-02-12,0.019293121816213503
3350,2017-02-13,0.08505481343946453
3351,2017-02-14,0.14162745113988068
3352,2017-02-15,0.06349238083813635
3353,2017-02-16,0.03394265235971214
3354,2017-02-17,0.06582062653804363
3355,2017-02-18,0.0409440300561812
3356,2017-02-19,0.03673065588576999
3357,2017-02-20,0.030888881361155154
3358,2017-02-21,0.044685589363162845
3359,2017-02-22,0.04404454978239605
3360,2017-02-23,0.04750596713608697
3361,2017-02-24,0.021188332984439322
3362,2017-02-25,0.021172560118803495
3363,2017-02-26,0.016222662411087208
3364,2017-02-27,0.030030011073323294
3365,2017-02-28,0.03733874882981049
3366,2017-03-01,0.0014999047146518688
3367,2017-03-02,0.05977947169024118
3368,2017-03-03,0.005750278467941693
3369,2017-03-04,0.01849803279030693
3370,2017-03-05,0.018595409437520347
3371,2017-03-06,0.01954334053978182
3372,2017-03-07,0.029914320020376892
3373,2017-03-08,0.031449260886381836
3374,2017-03-09,0.035839809238784714
3375,2017-03-10,0.024736025841697165
3376,2017-03-11,0.030514875016384772
3377,2017-03-12,0.01806523201202069
3378,2017-03-13,0.012065808625713725
3379,2017-03-14,0.030813850227913157
3380,2017-03-15,0.04090059763076301
3381,2017-03-16,0.051785327165861636
3382,2017-03-17,0.010833761623924588
3383,2017-03-18,0.016523870535923687
3384,2017-03-19,0.006792874213377025
3385,2017-03-20,0.030289922238619364
3386,2017-03-21,0.08915498767858239
3387,2017-03-22,0.04454109800867896
3388,2017-03-23,0.032859451573864384
3389,2017-03-24,0.03200787431981444
3390,2017-03-25,0.023625053097260006
3391,2017-03-26,0.016836748369465956
3392,2017-03-27,0.018240506430922263
3393,2017-03-28,0.04115158382737795
3394,2017-03-29,0.05739552702465038
3395,2017-03-30,0.06003189226371738
3396,2017-03-31,0.04124144143555338
3397,2017-04-01,0.024162417620139036
3398,2017-04-02,0.010582719901200865
3399,2017-04-03,0.04248134478111901
3400,2017-04-04,0.08938574278873021
3401,2017-04-05,0.04707348253915392
3402,2017-04-06,0.05373137195575855
3403,2017-04-07,0.015346842510594658
3404,2017-04-08,0.01768610675874649
3405,2017-04-09,0.006119699822417176
3406,2017-04-10,0.039694828086387406
3407,2017-04-11,0.027468367195183186
3408,2017-04-12,0.01766756893831501
3409,2017-04-13,0.01984255365038283
3410,2017-04-14,0.03134612971192855
3411,2017-04-15,0.005037777526667173
3412,2017-04-16,0.0050718483770085185
3413,2017-04-17,0.018862908542623846
3414,2017-04-18,0.047562692554799856
3415,2017-04-19,0.03243808768432807
3416,2017-04-20,0.023210232937397823
3417,2017-04-21,0.033700405051345965
3418,2017-04-22,0.02327705060689936
3419,2017-04-23,0.007897958001753967
3420,2017-04-24,0.021961635348237557
3421,2017-04-25,0.028026318491097903
3422,2017-04-26,0.048180063699377405
3423,2017-04-27,0.047563500471183115
3424,2017-04-28,0.12841507488601203
3425,2017-04-29,0.06507883178960575
3426,2017-04-30,0.011906263990144666
3427,2017-05-01,0.0521466471624961
3428,2017-05-02,0.06816154300701968
3429,2017-05-03,0.07617344082725108
3430,2017-05-04,0.03958164163851043
3431,2017-05-05,0.04046076110856367
3432,2017-05-06,0.027396925743653374
3433,2017-05-07,0.015657533451127758
3434,2017-05-08,0.025585304135934996
3435,2017-05-09,0.10287798174068648
3436,2017-05-10,0.04693999591332128
3437,2017-05-11,0.08282798091411873
3438,2017-05-12,0.075920564983077
3439,2017-05-13,0.028075388754667023
3440,2017-05-14,0.016098532854167492
3441,2017-05-15,0.027465617754554184
3442,2017-05-16,0.032434751182985944
3443,2017-05-17,0.03118248732473243
3444,2017-05-18,0.043746401095491265
3445,2017-05-19,0.024012267165389574
3446,2017-05-20,0.01999414447906675
3447,2017-05-21,0.017210543586930444
3448,2017-05-22,0.012862005035449903
3449,2017-05-23,0.046887543884874844
3450,2017-05-24,0.039816529011035724
3451,2017-05-25,0.03923659041806776
3452,2017-05-26,0.052692591939732115
3453,2017-05-27,0.02842637036841409
3454,2017-05-28,0.01731475602987122
3455,2017-05-29,0.018199272767018625
3456,2017-05-30,0.03495423535275304
3457,2017-05-31,0.05752319501915102
3458,2017-06-01,0.04326522088279817
3459,2017-06-02,0.0267526068237812
3460,2017-06-03,0.0337229793201422
3461,2017-06-04,0.01916207412030334
3462,2017-06-05,0.021814148129379256
3463,2017-06-06,0.14547164581863478
3464,2017-06-07,0.0321146022852383
3465,2017-06-08,0.03585317809423447
3466,2017-06-09,0.0450643643023798
3467,2017-06-10,0.004789830666800669
3468,2017-06-11,0.0042718813869175205
3469,2017-06-12,0.031204712341113973
3470,2017-06-13,0.03164044267247114
3471,2017-06-14,0.046926260772558376
3472,2017-06-15,0.0287852704635102
3473,2017-06-16,0.08185731844141969
3474,2017-06-17,0.023188636450604073
3475,2017-06-18,0.01490105350326782
3476,2017-06-19,0.018720651972837843
3477,2017-06-20,0.022649399361458294
3478,2017-06-21,0.017873493672609583
3479,2017-06-22,0.0256381204301627
3480,2017-06-23,0.02989650072579006
3481,2017-06-24,0.023514478251648294
3482,2017-06-25,0.010737883163203987
3483,2017-06-26,0.01745321467106383
3484,2017-06-27,0.019385530549413253
3485,2017-06-28,0.017171833128669312
3486,2017-06-29,0.055141540583145236
3487,2017-06-30,0.020700715803661583
3488,2017-07-01,0.014279045191054125
3489,2017-07-02,0.008117920039628223
3490,2017-07-03,0.029193024856502173
3491,2017-07-04,-0.012986293327439474
3492,2017-07-05,0.02204632527010588
3493,2017-07-06,0.02889574698372745
3494,2017-07-07,-0.0016188274121864271
3495,2017-07-08,0.013856171986226986
3496,2017-07-09,0.02121359365388331
3497,2017-07-10,0.02864906618113603
3498,2017-07-11,0.053120022135544856
3499,2017-07-12,0.04372081996063698
3500,2017-07-13,0.07985760523787763
3501,2017-07-14,0.04405581801645728
3502,2017-07-15,0.01589924336069057
3503,2017-07-16,0.006233948819951193
3504,2017-07-17,0.00843666848237471
3505,2017-07-18,0.04352516671710794
3506,2017-07-19,0.042819139032406445
3507,2017-07-20,0.05007611592798912
3508,2017-07-21,0.10986083191006087
3509,2017-07-22,0.026583696551996015
3510,2017-07-23,0.013574874494093904
3511,2017-07-24,0.02694968314080727
3512,2017-07-25,0.07432334103341479
3513,2017-07-26,0.06117242170721415
3514,2017-07-27,0.05972375351143286
3515,2017-07-28,0.05441862737236402
3516,2017-07-29,0.03351912908579091
3517,2017-07-30,0.020741370559858016
3518,2017-07-31,0.024445342430015678
3519,2017-08-01,0.03251157839905115
3520,2017-08-02,0.1838522721869124
3521,2017-08-03,0.0750360571821456
3522,2017-08-04,0.049090134222507166
3523,2017-08-05,0.03566990949067947
3524,2017-08-06,0.008561960716962693
3525,2017-08-07,0.008577457968262949
3526,2017-08-08,0.02332921122624119
3527,2017-08-09,0.03982201262383227
3528,2017-08-10,0.06308464251843442
3529,2017-08-11,0.03324362193064197
3530,2017-08-12,0.028213542867091115
3531,2017-08-13,0.00997979463592308
3532,2017-08-14,0.014645392288264385
3533,2017-08-15,0.06173826251449835
3534,2017-08-16,0.027228670547644142
3535,2017-08-17,0.017105699962683945
3536,2017-08-18,0.022169639789436195
3537,2017-08-19,0.017422096428572134
3538,2017-08-20,0.002735256668577515
3539,2017-08-21,0.032206192587381534
3540,2017-08-22,0.02734105612481162
3541,2017-08-23,0.05875115914449122
3542,2017-08-24,0.04808381553058555
3543,2017-08-25,0.03021729087367679
3544,2017-08-26,0.018566763692866122
3545,2017-08-27,0.02040201431984027
3546,2017-08-28,0.016640796347419037
3547,2017-08-29,0.047805019703700886
3548,2017-08-30,0.060219261031723266
3549,2017-08-31,0.02724440980218267
3550,2017-09-01,0.04503846037522809
3551,2017-09-02,0.02685071938608958
3552,2017-09-03,0.009185430767643473
3553,2017-09-04,0.01782274567628887
3554,2017-09-05,0.016310688743214802
3555,2017-09-06,0.02495337735127601
3556,2017-09-07,0.03680360097880606
3557,2017-09-08,0.007668059851516796
3558,2017-09-09,0.016991001420374158
3559,2017-09-10,0.02347090631788141
3560,2017-09-11,0.04921376577902809
3561,2017-09-12,0.0489906585538508
3562,2017-09-13,0.08369142202390803
3563,2017-09-14,0.05092841491964499
3564,2017-09-15,0.07586116161949
3565,2017-09-16,0.03480694462501759
3566,2017-09-17,0.012227744271403676
3567,2017-09-18,0.035617312447653524
3568,2017-09-19,0.024499797230487425
3569,2017-09-20,0.02033229412442765
3570,2017-09-21,0.022453061546428878
3571,2017-09-22,-0.0015037854278795691
3572,2017-09-23,0.013895964247642355
3573,2017-09-24,0.012981044854268481
3574,2017-09-25,0.021570386194931415
3575,2017-09-26,0.018198174237300697
3576,2017-09-27,0.03882007579013614
3577,2017-09-28,0.03915044665553053
3578,2017-09-29,0.014994526883167329
3579,2017-09-30,0.012726165062291794
3580,2017-10-01,0.011080779264067992
3581,2017-10-02,0.010736524624575774
3582,2017-10-03,0.028582820968970732
3583,2017-10-04,0.03004120117038831
3584,2017-10-05,0.03437552253357874
3585,2017-10-06,0.025175915225424055
3586,2017-10-07,0.011830127488490478
3587,2017-10-08,0.00918498766013055
3588,2017-10-09,0.023768770155841418
3589,2017-10-10,0.033232598711362804
3590,2017-10-11,0.042266310129101745
3591,2017-10-12,0.03121009064259868
3592,2017-10-13,0.032168507836010704
3593,2017-10-14,0.005587920292243758
3594,2017-10-15,0.004159873259710498
3595,2017-10-16,0.026849530297039195
3596,2017-10-17,0.017174526654322116
3597,2017-10-18,0.027958755624990624
3598,2017-10-19,0.02764800262217321
3599,2017-10-20,0.018455012761062588
3600,2017-10-21,0.01258942306540171
3601,2017-10-22,0.008890545560822522
3602,2017-10-23,0.010545563618883692
3603,2017-10-24,0.01514601311245948
3604,2017-10-25,0.03392558113916017
3605,2017-10-26,0.017733719856979947
3606,2017-10-27,0.1832645494273414
3607,2017-10-28,0.058171948884193886
3608,2017-10-29,0.0317935552061793
3609,2017-10-30,0.047826095040477176
3610,2017-10-31,0.06122426634145864
3611,2017-11-01,0.042224210405778444
3612,2017-11-02,-0.04387772295912866
3613,2017-11-03,0.1270707751839128
3614,2017-11-04,0.03427586256113574
3615,2017-11-05,0.005524612286178122
3616,2017-11-06,0.013741966472316878
3617,2017-11-07,0.029754478500247098
3618,2017-11-08,0.031995067991666744
3619,2017-11-09,0.032425813976356604
3620,2017-11-10,0.0251404290550198
3621,2017-11-11,0.00907650162543401
3622,2017-11-12,0.00812758152615804
3623,2017-11-13,0.012776397339301844
3624,2017-11-14,0.034547715147939716
3625,2017-11-15,0.017300082521693655
3626,2017-11-16,0.01628019601733114
3627,2017-11-17,0.041811329866662195
3628,2017-11-18,0.010691378891683926
3629,2017-11-19,0.011358971857192498
3630,2017-11-20,0.011427970469288362
3631,2017-11-21,0.027831094560109657
3632,2017-11-22,0.0205392857377011
3633,2017-11-23,0.017955722129412585
3634,2017-11-24,0.01128006832562464
3635,2017-11-25,0.018208805543740596
3636,2017-11-26,0.019576742985204825
3637,2017-11-27,0.02007346008271018
3638,2017-11-28,0.033638626756766196
3639,2017-11-29,0.011388651939750204
3640,2017-11-30,0.0009201659023723094
3641,2017-12-01,0.018456951988512205
3642,2017-12-02,0.02134604267991689
3643,2017-12-03,0.008290946235786092
3644,2017-12-04,0.01373317943308694
3645,2017-12-05,0.017038410773060664
3646,2017-12-06,0.02006850405426918
3647,2017-12-07,0.019298672147778206
3648,2017-12-08,0.022375862811645282
3649,2017-12-09,0.020101676501234733
3650,2017-12-10,0.012311828420178172
3651,2017-12-11,0.010056129800720863
3652,2017-12-12,0.040452684633913716
3653,2017-12-13,0.03160435349481439
3654,2017-12-14,0.032869425409056595
3655,2017-12-15,0.016362000041937764
3656,2017-12-16,0.02258527244651506
3657,2017-12-17,0.00421169102698654
3658,2017-12-18,0.006738165268623715
3659,2017-12-19,0.0324006674095642
3660,2017-12-20,0.01492792418059322
3661,2017-12-21,0.030390724340902276
3662,2017-12-22,0.020809316157920234
3663,2017-12-23,0.011024169544161171
3664,2017-12-24,0.0077256929663747425
3665,2017-12-25,0.0045000348196148204
3666,2017-12-26,-0.00048216446792959285
3667,2017-12-27,0.039285792103538525
3668,2017-12-28,0.023187017040139007
3669,2017-12-29,0.030349192307090853
3670,2017-12-30,0.006940233357014774
3671,2017-12-31,0.010812695894776023
3672,2018-01-01,0.01488681705440036
3673,2018-01-02,0.013862882028524212
3674,2018-01-03,0.04603468125433005
3675,2018-01-04,0.00761067036694537
3676,2018-01-05,0.012995361589987285
3677,2018-01-06,0.010622954098991349
3678,2018-01-07,0.02472205034137108
3679,2018-01-08,0.01811093071826364
3680,2018-01-09,0.036309455477748435
3681,2018-01-10,0.012656532622714963
3682,2018-01-11,0.018579223134854626
3683,2018-01-12,0.032881880212841066
3684,2018-01-13,0.038139628639200694
3685,2018-01-14,0.010240913595335632
3686,2018-01-15,0.01635024842645709
3687,2018-01-16,0.029616057375417615
3688,2018-01-17,0.029598784545009443
3689,2018-01-18,0.04079571282071065
3690,2018-01-19,0.038975526597598925
3691,2018-01-20,0.015005321845970324
3692,2018-01-21,0.012549391092108519
3693,2018-01-22,0.018917673111877486
3694,2018-01-23,0.02679208265460372
3695,2018-01-24,0.03688617001460741
3696,2018-01-25,0.01842106991191174
3697,2018-01-26,0.06863883562011366
3698,2018-01-27,0.04293447471320981
3699,2018-01-28,0.038031561163233765
3700,2018-01-29,0.03594011073554107
3701,2018-01-30,0.030472385890785155
3702,2018-01-31,0.03752213642665128
3703,2018-02-01,0.06765013576994597
3704,2018-02-02,0.08007855945736922
3705,2018-02-03,0.012885195650108497
3706,2018-02-04,0.02503821471793002
3707,2018-02-05,0.033095131722483025
3708,2018-02-06,0.01267900713821701
3709,2018-02-07,0.04483271353613125
3710,2018-02-08,0.02000262894780347
3711,2018-02-09,0.012879875395348087
3712,2018-02-10,0.020689733295857212
3713,2018-02-11,0.02792587618156474
3714,2018-02-12,0.026064819807405812
3715,2018-02-13,0.03733133815825083
3716,2018-02-14,0.03510478595660696
3717,2018-02-15,0.0529456701984592
3718,2018-02-16,0.03364643559605028
3719,2018-02-17,0.026634505643624858
3720,2018-02-18,0.01090060399148152
3721,2018-02-19,0.012746408071429195
3722,2018-02-20,0.020505390895433566
3723,2018-02-21,0.02867213523599447
3724,2018-02-22,0.043319918847906334
3725,2018-02-23,0.026456060374287767
3726,2018-02-24,0.04109937737643239
3727,2018-02-25,0.017251717600017747
3728,2018-02-26,0.025926059592107146
3729,2018-02-27,0.044355809519046406
3730,2018-02-28,0.025563720581514168
3731,2018-03-01,0.021618862662753528
3732,2018-03-02,0.02481393659713177
3733,2018-03-03,0.01373708566746016
3734,2018-03-04,0.013887733460687196
3735,2018-03-05,0.013733392372991206
3736,2018-03-06,0.021500173742166624
3737,2018-03-07,0.021717278701264463
3738,2018-03-08,0.02531072459898083
3739,2018-03-09,0.015118318513686344
3740,2018-03-10,0.026264174649751275
3741,2018-03-11,0.013356803503600656
3742,2018-03-12,0.026320906987145832
3743,2018-03-13,0.03517528774360844
3744,2018-03-14,0.01445739758966496
3745,2018-03-15,0.0006013878638601658
3746,2018-03-16,0.018568126718132114
3747,2018-03-17,0.011335232087011446
3748,2018-03-18,0.006311711680735354
3749,2018-03-19,0.015057342403872655
3750,2018-03-20,0.014035600488247167
3751,2018-03-21,0.027244428771834826
3752,2018-03-22,0.030648582020410743
3753,2018-03-23,0.01554860780671564
3754,2018-03-24,0.006307969551697676
3755,2018-03-25,0.005731422626376416
3756,2018-03-26,0.010625471799849025
3757,2018-03-27,0.03296985961357935
3758,2018-03-28,-0.05473170425925365
3759,2018-03-29,-0.06584764633125502
3760,2018-03-30,-0.004506894682863496
3761,2018-03-31,-0.0019337408548871383
3762,2018-04-01,-0.005554545375830151
3763,2018-04-02,-0.03293226331747512
3764,2018-04-03,-0.04430403263208774
3765,2018-04-04,0.012054836520524144
3766,2018-04-05,0.022231508441472855
3767,2018-04-06,0.01664955991023607
3768,2018-04-07,-0.00023331253197506063
3769,2018-04-08,0.008483268817240895
3770,2018-04-09,0.009596110723038362
3771,2018-04-10,0.019657445372344037
3772,2018-04-11,0.02537882431120865
3773,2018-04-12,0.00656235735210044
3774,2018-04-13,-0.00276274466170209
3775,2018-04-14,-0.0015426797354375597
3776,2018-04-15,0.0006013656379094713
3777,2018-04-16,0.0009217702145485705
3778,2018-04-17,0.02009359094710008
3779,2018-04-18,0.02561259959784896
3780,2018-04-19,-0.0013915149917522393
3781,2018-04-20,0.0057380114182742185
3782,2018-04-21,-0.004686978173679359
3783,2018-04-22,0.013628305007134118
3784,2018-04-23,0.01100147911472826
3785,2018-04-24,0.030562588995481726
3786,2018-04-25,-0.0019634532079165178
3787,2018-04-26,0.002491763761040152
3788,2018-04-27,0.10134868019124925
3789,2018-04-28,0.024797344740405243
3790,2018-04-29,0.004911199175381717
3791,2018-04-30,0.019244236074213814
3792,2018-05-01,0.0015805689094226284
3793,2018-05-02,0.07914721608526533
3794,2018-05-03,-0.044334374918540115
3795,2018-05-04,0.011753561915797631
3796,2018-05-05,0.0017224438932623987
3797,2018-05-06,0.009767515645080573
3798,2018-05-07,0.011370661422320245
3799,2018-05-08,0.007479744745446264
3800,2018-05-09,0.02612456864013804
3801,2018-05-10,0.040122746614078185
3802,2018-05-11,0.03301042043081751
3803,2018-05-12,0.010113022731119808
3804,2018-05-13,0.005115209029799779
3805,2018-05-14,0.012255066814181087
3806,2018-05-15,-0.001782657906453343
3807,2018-05-16,-0.002150618826489075
3808,2018-05-17,0.009258246968395455
3809,2018-05-18,0.017762066948162233
3810,2018-05-19,0.0036543118079069006
3811,2018-05-20,-0.0006669168374692706
3812,2018-05-21,0.012529186591404574
3813,2018-05-22,0.005957690037983628
3814,2018-05-23,0.0020423555080624003
3815,2018-05-24,-0.0029875973652622734
3816,2018-05-25,0.005960376644063622
3817,2018-05-26,0.006794591825730618
3818,2018-05-27,0.008644779842366102
3819,2018-05-28,0.007520915883905207
3820,2018-05-29,0.008899349419273457
3821,2018-05-30,0.011263953615543698
3822,2018-05-31,0.04080045546856625
3823,2018-06-01,0.03915623257638856
3824,2018-06-02,0.02543416224528407
3825,2018-06-03,0.008025879069145599
3826,2018-06-04,0.015824526554876827
3827,2018-06-05,0.06668365257069621
3828,2018-06-06,0.05186503229207855
3829,2018-06-07,0.020672692510830783
3830,2018-06-08,0.004173657039222449
3831,2018-06-09,0.01606101575202519
3832,2018-06-10,0.006174424111140805
3833,2018-06-11,0.01471980287136243
3834,2018-06-12,0.0257787180665997
3835,2018-06-13,-0.021797040205322325
3836,2018-06-14,0.020874095689678636
3837,2018-06-15,0.042318713821588166
3838,2018-06-16,0.006433183314691157
3839,2018-06-17,0.005924946509814218
3840,2018-06-18,0.02538141444074006
3841,2018-06-19,0.009777048754385335
3842,2018-06-20,-0.0018573069144337158
3843,2018-06-21,0.0028476965535258296
3844,2018-06-22,-0.03176449589669146
3845,2018-06-23,0.006796344225169851
3846,2018-06-24,0.014754459221225381
3847,2018-06-25,0.0024196051821982773
3848,2018-06-26,0.002404931082273902
3849,2018-06-27,0.005910106952303193
3850,2018-06-28,0.029126818927396374
3851,2018-06-29,0.009090855324544532
3852,2018-06-30,0.011265331029240416
3853,2018-07-01,-0.0033782769595726387
3854,2018-07-02,0.01256062344943519
3855,2018-07-03,0.009930810849456882
3856,2018-07-04,-0.008783428806285618
3857,2018-07-05,-0.015552728841308589
3858,2018-07-06,0.0010954355980622686
3859,2018-07-07,0.01722451111466247
3860,2018-07-08,0.0033402378921628356
3861,2018-07-09,-0.01529146131755859
3862,2018-07-10,0.035799491118918905
3863,2018-07-11,0.004394487754484273
3864,2018-07-12,0.0130249547509334
3865,2018-07-13,0.045844906159259666
3866,2018-07-14,0.007822915932421093
3867,2018-07-15,-0.0033248883508943724
3868,2018-07-16,0.0012017092008593591
3869,2018-07-17,0.0078358955694365
3870,2018-07-18,0.04082568103317244
3871,2018-07-19,0.021633757798508985
3872,2018-07-20,0.04530163600852699
3873,2018-07-21,0.02161245343489209
3874,2018-07-22,0.003809971003031499
3875,2018-07-23,-0.009573203202513047
3876,2018-07-24,0.06362900470407798
3877,2018-07-25,0.017174358213651254
3878,2018-07-26,0.013137386771092927
3879,2018-07-27,0.0451646953071286
3880,2018-07-28,0.008523620178424448
3881,2018-07-29,-0.000697165406536698
3882,2018-07-30,0.014375727027152311
3883,2018-07-31,0.0038413642618517936
3884,2018-08-01,0.09950560140405182
3885,2018-08-02,0.04861525550578853
3886,2018-08-03,0.15310193817112247
3887,2018-08-04,0.051872989948565186
3888,2018-08-05,0.026944535317991458
3889,2018-08-06,0.013280188304452295
3890,2018-08-07,0.04746903595064924
3891,2018-08-08,-0.08038522852289225
3892,2018-08-09,0.014044188726959499
3893,2018-08-10,0.0012040009720546765
3894,2018-08-11,-0.0524047576554288
3895,2018-08-12,-0.0019511612948203052
3896,2018-08-13,-0.02395617142121432
3897,2018-08-14,-0.022247092752372015
3898,2018-08-15,-0.0011406344013521266
3899,2018-08-16,-0.030916098238499147
3900,2018-08-17,-0.02353897513763993
3901,2018-08-18,-0.006320879274615929
3902,2018-08-19,-0.006503368110005009
3903,2018-08-20,-0.026048163423117894
3904,2018-08-21,-0.022709559592629124
3905,2018-08-22,0.014746870930548127
3906,2018-08-23,0.01471329152579589
3907,2018-08-24,-0.02151589214307917
3908,2018-08-25,-0.027091110445235805
3909,2018-08-26,-0.007200692410804337
3910,2018-08-27,-0.02763336334627916
3911,2018-08-28,0.008969513669195829
3912,2018-08-29,0.007616244160332734
3913,2018-08-30,0.0246318132233474
3914,2018-08-31,0.019003967523959157
3915,2018-09-01,0.020353747979175378
3916,2018-09-02,0.01140502015556859
3917,2018-09-03,0.001542520423501047
3918,2018-09-04,0.04208020487470013
3919,2018-09-05,0.06884636508902005
3920,2018-09-06,-0.004107110311455699
3921,2018-09-07,-0.0013829788209028665
3922,2018-09-08,-0.061388042250563324
3923,2018-09-09,-0.0027499191200258816
3924,2018-09-10,0.012672678066307091
3925,2018-09-11,0.02868528469604765
3926,2018-09-12,0.038379564632408686
3927,2018-09-13,0.03798114618314583
3928,2018-09-14,0.04638608063874968
3929,2018-09-15,0.008611173848197953
3930,2018-09-16,0.006294473287355849
3931,2018-09-17,-0.018271551683967654
3932,2018-09-18,-0.0016043707062286389
3933,2018-09-19,-0.010453572264612979
3934,2018-09-20,0.015195845866192301
3935,2018-09-21,0.03977601406179895
3936,2018-09-22,-0.0007859695435275017
3937,2018-09-23,-0.00045202918868399167
3938,2018-09-24,0.01669201637801177
3939,2018-09-25,0.02458660936211757
3940,2018-09-26,0.03145097423624779
3941,2018-09-27,0.018097830319805407
3942,2018-09-28,-0.12406773434774063
3943,2018-09-29,-0.025701907018633008
3944,2018-09-30,-0.013529726082298067
3945,2018-10-01,0.05510510667475589
3946,2018-10-02,0.06757488342995198
3947,2018-10-03,0.011143039999826698
3948,2018-10-04,0.007916109636157083
3949,2018-10-05,-0.055566045648634786
3950,2018-10-06,-0.012961673273808233
3951,2018-10-07,-0.007146496960715023
3952,2018-10-08,-0.012785582646964808
3953,2018-10-09,-0.03928703716727854
3954,2018-10-10,-0.041962829523192316
3955,2018-10-11,0.0006919176386686668
3956,2018-10-12,0.03063399369880552
3957,2018-10-13,0.01247858458421534
3958,2018-10-14,0.010509137264726628
3959,2018-10-15,0.009623324620066636
3960,2018-10-16,0.006587660620499938
3961,2018-10-17,0.023556758584420016
3962,2018-10-18,0.003428659238111694
3963,2018-10-19,-0.006723219323720178
3964,2018-10-20,0.00218528577154721
3965,2018-10-21,-0.0002728792577078769
3966,2018-10-22,0.0032812665228102497
3967,2018-10-23,0.011806178494750151
3968,2018-10-24,0.04044981031932396
3969,2018-10-25,0.04405614503606736
3970,2018-10-26,-0.013064504417201445
3971,2018-10-27,-0.009517654071867325
3972,2018-10-28,0.0045341803672440985
3973,2018-10-29,0.011156329549117782
3974,2018-10-30,0.01073506338558896
3975,2018-10-31,0.007973725574353926
3976,2018-11-01,0.026115672912825946
3977,2018-11-02,-0.05788480192424147
3978,2018-11-03,-0.003194325822569899
3979,2018-11-04,0.020106346796738256
3980,2018-11-05,-0.012778685780950417
3981,2018-11-06,0.009405678336984274
3982,2018-11-07,0.024476447860465978
3983,2018-11-08,0.03806160775949524
3984,2018-11-09,0.004242524237915834
3985,2018-11-10,0.028879731311221457
3986,2018-11-11,0.004068972171613115
3987,2018-11-12,-0.016262946867929076
3988,2018-11-13,-0.031089027434688797
3989,2018-11-14,-0.0012662505138670496
3990,2018-11-15,-0.012556340629381879
3991,2018-11-16,0.01618734639899652
3992,2018-11-17,0.0037924297265934277
3993,2018-11-18,0.0061227742681024145
3994,2018-11-19,-0.016447828264960062
3995,2018-11-20,-0.034556324346872634
3996,2018-11-21,-0.017637667806238693
3997,2018-11-22,0.003617770670555973
3998,2018-11-23,0.005965007577877236
3999,2018-11-24,7.333822489778014e-05
4000,2018-11-25,0.014674107345629316
4001,2018-11-26,0.0016582555666495406
4002,2018-11-27,-0.00593649591691519
4003,2018-11-28,-0.01469816181820121
4004,2018-11-29,0.06351250626423328
4005,2018-11-30,0.008706197411947555
4006,2018-12-01,0.025509361498840068
4007,2018-12-02,0.0006570603207141507
4008,2018-12-03,0.015648662552236597
4009,2018-12-04,0.02858972708664866
4010,2018-12-05,0.0009581726663577192
4011,2018-12-06,0.005845963765030425
4012,2018-12-07,0.02879781334077694
4013,2018-12-08,0.017675966884944726
4014,2018-12-09,0.011098167681797576
4015,2018-12-10,-0.0228416764815132
4016,2018-12-11,0.013316595787745033
4017,2018-12-12,0.014082220525773185
4018,2018-12-13,0.034564916190688806
4019,2018-12-14,0.02128088219333314
4020,2018-12-15,0.01660919810386003
4021,2018-12-16,-0.003931401094892827
4022,2018-12-17,0.00761990259087094
4023,2018-12-18,0.020732663578313604
4024,2018-12-19,-0.004967824123622892
4025,2018-12-20,0.011491821516808262
4026,2018-12-21,0.005638649485542768
4027,2018-12-22,0.005487464849585896
4028,2018-12-23,0.004900901818982185
4029,2018-12-24,-0.0011693393273039497
4030,2018-12-25,-0.028560223012028874
4031,2018-12-26,0.016663200382061597
4032,2018-12-27,0.052366274749641395
4033,2018-12-28,0.0203377989044456
4034,2018-12-29,0.020115814797507167
4035,2018-12-30,0.010098750296665016
4036,2018-12-31,0.012009977193844336
4037,2019-01-01,0.015634328068910443
4038,2019-01-02,0.004456330202206342
4039,2019-01-03,-0.1987552957779249
4040,2019-01-04,-0.027819213123168263
4041,2019-01-05,0.024424977110192245
4042,2019-01-06,0.010180253847827638
4043,2019-01-07,0.029356634090557786
4044,2019-01-08,0.03036270294286264
4045,2019-01-09,0.012060932345629855
4046,2019-01-10,0.04703932407785108
4047,2019-01-11,0.01990729430993793
4048,2019-01-12,0.011321634713043191
4049,2019-01-13,0.016908097063203488
4050,2019-01-14,0.016944722295586405
4051,2019-01-15,0.008320923807892622
4052,2019-01-16,0.052826016905198406
4053,2019-01-17,0.02647294436638762
4054,2019-01-18,-0.026811744869373155
4055,2019-01-19,0.005735940180847922
4056,2019-01-20,0.012613256610733975
4057,2019-01-21,-0.005936213914365034
4058,2019-01-22,0.0006522320875820276
4059,2019-01-23,0.009782373240243138
4060,2019-01-24,-0.0034990656144762156
4061,2019-01-25,0.009894076833895416
4062,2019-01-26,0.016180724646729518
4063,2019-01-27,0.008066838335719317
4064,2019-01-28,0.003558495126841723
4065,2019-01-29,-0.00047101178773776425
4066,2019-01-30,-0.002154365421714169
4067,2019-01-31,0.019675613572199976
4068,2019-02-01,0.027463230177926748
4069,2019-02-02,0.0037889778394800677
4070,2019-02-03,0.009107186234329556
4071,2019-02-04,0.017830475574247814
4072,2019-02-05,0.06079540752221378
4073,2019-02-06,0.02451612317524874
4074,2019-02-07,0.04474352702729617
4075,2019-02-08,0.006954419972252889
4076,2019-02-09,0.020217844819553604
4077,2019-02-10,0.019131430385878785
4078,2019-02-11,0.017865905029722774
4079,2019-02-12,0.018622259304034917
4080,2019-02-13,0.031579239148829166
4081,2019-02-14,-0.005496203633807428
4082,2019-02-15,0.0024311546664749495
4083,2019-02-16,0.004934396106178431
4084,2019-02-17,0.011004127018361893
4085,2019-02-18,0.004456330202206342
4086,2019-02-19,0.014975319728970484
4087,2019-02-20,0.027166157013900464
4088,2019-02-21,0.005302056276787141
4089,2019-02-22,0.00034708381341477107
4090,2019-02-23,0.023099439888219456
4091,2019-02-24,0.018234006427891664
4092,2019-02-25,0.050183635592888264
4093,2019-02-26,-0.016666386886261778
4094,2019-02-27,0.029445464574407196
4095,2019-02-28,0.03844743856638488
4096,2019-03-01,-0.017157068427448317
4097,2019-03-02,0.000290699851420502
4098,2019-03-03,-0.0099544868008468
4099,2019-03-04,-0.001270190508982777
4100,2019-03-05,0.018507072817371857
4101,2019-03-06,0.0028200136469634096
4102,2019-03-07,0.027868793086998748
4103,2019-03-08,-0.005310969350213565
4104,2019-03-09,0.010868006207146806
4105,2019-03-10,0.009328113284265712
4106,2019-03-11,0.004486461139288349
4107,2019-03-12,0.07754119589526418
4108,2019-03-13,0.03893771642881962
4109,2019-03-14,0.04007782931413205
4110,2019-03-15,0.025881191569595702
4111,2019-03-16,0.02097809211378762
4112,2019-03-17,0.017770478609743144
4113,2019-03-18,0.03268658643905777
4114,2019-03-19,0.05272413034139304
4115,2019-03-20,0.052263065689141394
4116,2019-03-21,0.05230840082324455
4117,2019-03-22,0.046984952667222156
4118,2019-03-23,-0.001746069920104669
4119,2019-03-24,0.00997947617164699
4120,2019-03-25,-0.01841960408305096
4121,2019-03-26,0.03563089424474409
4122,2019-03-27,0.024835162318234787
4123,2019-03-28,0.026792997256587348
4124,2019-03-29,0.029089459640684764
4125,2019-03-30,0.008574090120612773
4126,2019-03-31,0.012457930341820498
4127,2019-04-01,0.023477434790414753
4128,2019-04-02,0.028637149528922608
4129,2019-04-03,0.03673395942668918
4130,2019-04-04,-0.027492493996052712
4131,2019-04-05,0.012416138765424807
4132,2019-04-06,0.016207121563929956
4133,2019-04-07,0.0090969481289766
4134,2019-04-08,0.009052692120682382
4135,2019-04-09,0.016437513706403888
4136,2019-04-10,0.008876232629455569
4137,2019-04-11,0.004932019344830729
4138,2019-04-12,0.0010643499756688574
4139,2019-04-13,0.02072886155785394
4140,2019-04-14,-0.001792898660421833
4141,2019-04-15,0.011687061163138664
4142,2019-04-16,0.010658022574958532
4143,2019-04-17,0.03060937180874069
4144,2019-04-18,0.034757645088215106
4145,2019-04-19,0.01582785393052053
4146,2019-04-20,0.016640633424997307
4147,2019-04-21,-0.014813689953496764
4148,2019-04-22,0.020681076067568027
4149,2019-04-23,0.010028433022785499
4150,2019-04-24,0.06313771602833577
4151,2019-04-25,0.010091404330299897
4152,2019-04-26,0.005221895800577664
4153,2019-04-27,-0.00019324980265870983
4154,2019-04-28,-0.0033140238490730924
4155,2019-04-29,-0.0014179635387187133
4156,2019-04-30,0.008775608575820854
4157,2019-05-01,0.06494108432740987
4158,2019-05-02,0.04877083233996697
4159,2019-05-03,0.0307129499542958
4160,2019-05-04,0.026664387495764795
4161,2019-05-05,0.010074114761894789
4162,2019-05-06,0.031887017328621994
4163,2019-05-07,0.06374362548404044
4164,2019-05-08,0.07465842603933445
4165,2019-05-09,0.03878955168990756
4166,2019-05-10,0.04442726474431424
4167,2019-05-11,0.01310096725550193
4168,2019-05-12,0.017292567917705698
4169,2019-05-13,0.004679999762242596
4170,2019-05-14,0.022269322298898782
4171,2019-05-15,0.04640307275127971
4172,2019-05-16,0.04663993850517137
4173,2019-05-17,0.01902183593863061
4174,2019-05-18,0.010706804171915805
4175,2019-05-19,0.0120320164875325
4176,2019-05-20,0.022924646491273615
4177,2019-05-21,-0.020844263962673092
4178,2019-05-22,0.00898461554847478
4179,2019-05-23,-0.05298581240414594
4180,2019-05-24,0.018401476431713158
4181,2019-05-25,0.004023861189114301
4182,2019-05-26,0.0028076465366517565
4183,2019-05-27,0.011245093303435509
4184,2019-05-28,0.03314035459749824
4185,2019-05-29,0.036423897349556394
4186,2019-05-30,-0.001845312547680656
4187,2019-05-31,-0.00347858552682594
4188,2019-06-01,-0.01659342535677055
4189,2019-06-02,-0.008601650245375486
4190,2019-06-03,-0.00876143136918147
4191,2019-06-04,-0.021692213011210514
4192,2019-06-05,0.029598911890971566
4193,2019-06-06,0.03512656946820648
4194,2019-06-07,0.012002306224621487
4195,2019-06-08,0.015582105513216551
4196,2019-06-09,0.0037811687455815562
4197,2019-06-10,0.02678635075040166
4198,2019-06-11,0.026021267515929442
4199,2019-06-12,0.010742757299736692
4200,2019-06-13,0.008637500420713245
4201,2019-06-14,0.013059547291394039
4202,2019-06-15,0.012857384158038498
4203,2019-06-16,0.001413324313465806
4204,2019-06-17,-0.011224806304969198
4205,2019-06-18,0.010469064668488237
4206,2019-06-19,-0.0028961596636348126
4207,2019-06-20,0.015191400843038697
4208,2019-06-21,-0.004283994115232993
4209,2019-06-22,0.00545552815728841
4210,2019-06-23,0.007209016105813259
4211,2019-06-24,0.0006624975166686885
4212,2019-06-25,0.0026588112961480684
4213,2019-06-26,0.012160676959647202
4214,2019-06-27,-0.002706660866294827
4215,2019-06-28,-0.005660603354658586
4216,2019-06-29,0.013163964676420194
4217,2019-06-30,0.00174049028315151
4218,2019-07-01,-5.644748193680757e-05
4219,2019-07-02,0.0016299923816282466
4220,2019-07-03,0.03217182952407024
4221,2019-07-04,0.010930322258910635
4222,2019-07-05,0.001955098633627696
4223,2019-07-06,-0.0013479995686401375
4224,2019-07-07,0.0005347064955605885
4225,2019-07-08,-0.0060860746482007955
4226,2019-07-09,0.008439041679538878
4227,2019-07-10,0.0414979956095303
4228,2019-07-11,0.02411305556979672
4229,2019-07-12,0.01867303157921505
4230,2019-07-13,0.01684991185787474
4231,2019-07-14,0.014468663335071429
4232,2019-07-15,0.018866404694457814
4233,2019-07-16,0.01337747840056596
4234,2019-07-17,-0.004563543490933141
4235,2019-07-18,0.019512293756066
4236,2019-07-19,0.04931884473272173
4237,2019-07-20,0.002708211782944881
4238,2019-07-21,0.004131288522671066
4239,2019-07-22,0.014739149828926601
4240,2019-07-23,0.011287068955187742
4241,2019-07-24,0.0037268865189489277
4242,2019-07-25,-0.03973119187492874
4243,2019-07-26,0.04066173561835346
4244,2019-07-27,0.010073033996403965
4245,2019-07-28,0.00713438931044934
4246,2019-07-29,0.016511248602410808
4247,2019-07-30,0.026789847639687604
4248,2019-07-31,0.03602976672550821
4249,2019-08-01,0.0012819714282743186
4250,2019-08-02,-0.018902619439269696
4251,2019-08-03,-0.018055642925897966
4252,2019-08-04,-0.009580991892065788
4253,2019-08-05,-0.00710010750825436
4254,2019-08-06,-0.020951305613462996
4255,2019-08-07,0.013518576564673744
4256,2019-08-08,0.008030227628890739
4257,2019-08-09,0.0016434482196162857
4258,2019-08-10,0.0018607795866998952
4259,2019-08-11,-0.0027673638203259297
4260,2019-08-12,-0.00044172908941592266
4261,2019-08-13,-0.0014285312224565742
4262,2019-08-14,0.0005560128216367255
4263,2019-08-15,-5.2357084695007355e-05
4264,2019-08-16,-0.006194495368872597
4265,2019-08-17,-0.009902755291539514
4266,2019-08-18,-0.0019009290213323426
4267,2019-08-19,0.007375193940515975
4268,2019-08-20,0.00624876937943241
4269,2019-08-21,-0.0035957859909939473
4270,2019-08-22,-0.010511913478292948
4271,2019-08-23,-0.012415634899301975
4272,2019-08-24,-0.017604724588710353
4273,2019-08-25,-0.004323041128704132
4274,2019-08-26,-0.009668920357722136
4275,2019-08-27,-0.00035894101574316176
4276,2019-08-28,-0.005033824410384118
4277,2019-08-29,-0.0023759217511688836
4278,2019-08-30,0.016336120833047398
4279,2019-08-31,0.005151377577896625
4280,2019-09-01,0.0024437172735660285
4281,2019-09-02,0.0030742473407558424
4282,2019-09-03,-0.004883338491532226
4283,2019-09-04,-0.0015351440684246813
4284,2019-09-05,-0.0023994917857688668
4285,2019-09-06,0.01080130754302324
4286,2019-09-07,0.017274655320595148
4287,2019-09-08,-0.0018899787766500902
4288,2019-09-09,0.0023707242694265933
4289,2019-09-10,0.022557871944121885
4290,2019-09-11,0.052062354667573564
4291,2019-09-12,0.024140221756186027
4292,2019-09-13,0.017828338520283787
4293,2019-09-14,0.007079525234551926
4294,2019-09-15,-0.006289403367507881
4295,2019-09-16,0.00447532064947264
4296,2019-09-17,0.0025419955357677756
4297,2019-09-18,0.009541129425471062
4298,2019-09-19,0.040917473160095905
4299,2019-09-20,0.029900847359125557
4300,2019-09-21,-0.002104529938795315
4301,2019-09-22,0.012256181392031617
4302,2019-09-23,0.0019045462024551646
4303,2019-09-24,-0.004622926810655542
4304,2019-09-25,-0.00046898863624842205
4305,2019-09-26,0.017222147512374504
4306,2019-09-27,0.02396949390982109
4307,2019-09-28,-0.012382829762984673
4308,2019-09-29,-0.0025200043135986186
4309,2019-09-30,0.012514242051608596
4310,2019-10-01,0.016585066941546114
4311,2019-10-02,0.010772889436570517
4312,2019-10-03,-0.006163010516973821
4313,2019-10-04,0.014890748844043903
4314,2019-10-05,0.009178858573876365
4315,2019-10-06,0.004416204972510451
4316,2019-10-07,0.006553116084821035
4317,2019-10-08,0.0044410654588590524
4318,2019-10-09,-0.004607993670166583
4319,2019-10-10,0.0120249182721675
4320,2019-10-11,0.01734817562609597
4321,2019-10-12,0.010462028753474923
4322,2019-10-13,0.0032403342011882944
4323,2019-10-14,-0.00985463038689095
4324,2019-10-15,0.03693947079871873
4325,2019-10-16,0.02045579254004079
4326,2019-10-17,0.021562601099967646
4327,2019-10-18,0.004655914656983801
4328,2019-10-19,0.004068802661182015
4329,2019-10-20,-0.003461460595074313
4330,2019-10-21,0.0036970950088042933
4331,2019-10-22,0.016193968151263526
4332,2019-10-23,0.018574416697696085
4333,2019-10-24,0.11418488742866445
4334,2019-10-25,-0.0038034970577347504
4335,2019-10-26,0.04820022872981435
4336,2019-10-27,0.011369128213730822
4337,2019-10-28,0.049116790682626976
4338,2019-10-29,0.04396096489838783
4339,2019-10-30,-0.002849050359781547
4340,2019-10-31,0.041961377275307105
4341,2019-11-01,0.02790370778077022
4342,2019-11-02,0.0040655506155040395
4343,2019-11-03,0.007738694349014634
4344,2019-11-04,0.0011044786008152143
4345,2019-11-05,0.019913924913851085
4346,2019-11-06,0.024634299841891773
4347,2019-11-07,0.028552395368560735
4348,2019-11-08,0.005609987071544632
4349,2019-11-09,0.012008157547830306
4350,2019-11-10,0.0023834999231510806
4351,2019-11-11,0.01716674046623901
4352,2019-11-12,0.00477484696292791
4353,2019-11-13,0.02135098840054033
4354,2019-11-14,0.023392691128717925
4355,2019-11-15,2.1075107519162584e-05
4356,2019-11-16,-0.008597486943411064
4357,2019-11-17,-0.0012434194713868154
4358,2019-11-18,0.0028391200791358963
4359,2019-11-19,0.029513524763896046
4360,2019-11-20,0.0201451353358851
4361,2019-11-21,-0.027693540369983564
4362,2019-11-22,-0.049495317029328974
4363,2019-11-23,0.008446311827094748
4364,2019-11-24,0.0013192198478392658
4365,2019-11-25,0.02016340359602003
4366,2019-11-26,0.0018525770913858583
4367,2019-11-27,0.005179352139297624
4368,2019-11-28,0.004286474692451925
4369,2019-11-29,0.002592136875434232
4370,2019-11-30,-0.0023634925770157095
4371,2019-12-01,0.0027538299829719367
4372,2019-12-02,0.011949815254649906
4373,2019-12-03,0.018244014922950233
4374,2019-12-04,0.011399118918792119
4375,2019-12-05,0.015324404828294102
4376,2019-12-06,0.009627146880462957
4377,2019-12-07,0.017422752929583375
4378,2019-12-08,0.0027334435697425018
4379,2019-12-09,0.0010165178033692737
4380,2019-12-10,0.006428833152457784
4381,2019-12-11,-0.005674569504892472
4382,2019-12-12,-0.013558219225311145
4383,2019-12-13,0.009534358474710097
4384,2019-12-14,0.010673091364972518
4385,2019-12-15,0.006954949125767631
4386,2019-12-16,0.013446196133954558
4387,2019-12-17,0.03251624162392583
4388,2019-12-18,0.012147893953943778
4389,2019-12-19,0.025613388228110087
4390,2019-12-20,0.005884172649692616
4391,2019-12-21,0.017899354456432252
4392,2019-12-22,-0.00803524960263317
4393,2019-12-23,0.019106950840508244
4394,2019-12-24,0.04763600702920502
4395,2019-12-25,0.0022075421892093963
4396,2019-12-26,0.0013254945046166852
4397,2019-12-27,0.04555971580661346
4398,2019-12-28,0.013957662974934185
4399,2019-12-29,0.002293081914923105
4400,2019-12-30,-0.0008827998151841598
4401,2019-12-31,0.014087190499709395
4402,2020-01-01,0.018966497196421378
4403,2020-01-02,0.0
4404,2020-01-03,0.002576176953401153
4405,2020-01-04,0.002532060603882021
4406,2020-01-05,0.0
4407,2020-01-06,-0.0018752171777082808
4408,2020-01-07,0.002803506263371823
4409,2020-01-08,-0.0023440214721353516
4410,2020-01-09,-0.0024581168604614276
4411,2020-01-10,-0.003750434355416561
4412,2020-01-11,-0.011646716273050792
4413,2020-01-12,0.0
4414,2020-01-13,-0.0003182776759289216
4415,2020-01-14,-0.005417674456820364
4416,2020-01-15,0.0012660303019410104
4417,2020-01-16,-0.0012501447851388538
4418,2020-01-17,-0.0015791302549122365
4419,2020-01-18,0.0003367003367003367
4420,2020-01-19,0.00013579847506300707
4421,2020-01-20,-0.003446219144123455
4422,2020-01-21,0.0011605277767792596
4423,2020-01-22,-0.0012331265619212393
4424,2020-01-23,-0.0012054967570981807
4425,2020-01-24,0.0
4426,2020-01-25,0.0003969109840995962
4427,2020-01-26,0.0
4428,2020-01-27,0.0
4429,2020-01-28,-0.0003954132068011071
4430,2020-01-29,0.0003528097636440855
4431,2020-01-30,0.0011592796290305187
4432,2020-01-31,8.333088242502688e-05
4433,2020-02-01,-0.00026788816824404004
4434,2020-02-02,0.00042087542087542086
4435,2020-02-03,-0.004564135913213881
4436,2020-02-04,-0.0021674977190991426
4437,2020-02-05,0.0026330924907437357
4438,2020-02-06,0.0016383921554530723
4439,2020-02-07,-0.0018752171777082808
4440,2020-02-08,0.0010538905718459261
4441,2020-02-09,0.0
4442,2020-02-10,8.333088242502688e-05
4443,2020-02-11,-0.0006750890769007881
4444,2020-02-12,-0.00028158213211594
4445,2020-02-13,-0.0008036645047321204
4446,2020-02-14,-0.011898658180733475
4447,2020-02-15,0.0003367003367003367
4448,2020-02-16,0.0
4449,2020-02-17,-0.0008438477299687264
4450,2020-02-18,-0.00373790749073829
4451,2020-02-19,-0.014517788934554455
4452,2020-02-20,-0.0018752171777082815
4453,2020-02-21,-0.007021009393488634
4454,2020-02-22,-0.00031253619628471345
4455,2020-02-23,0.0
4456,2020-02-24,0.0014288795427585463
4457,2020-02-25,-0.011361747861825226
4458,2020-02-26,-0.003488891450604544
4459,2020-02-27,-0.004855194890782079
4460,2020-02-28,-0.010676156583629894
4461,2020-02-29,-0.004043998705920414
4462,2020-03-01,0.0030062530062530063
4463,2020-03-02,-0.005291587284469847
4464,2020-03-03,-0.013004986314594855
4465,2020-03-04,0.003337410918560493
4466,2020-03-05,0.002907300950005575
4467,2020-03-06,-0.006321518866002852
4468,2020-03-07,-0.00018730099269526128
4469,2020-03-08,0.0
4470,2020-03-09,-0.008382160873264075
4471,2020-03-10,-0.014712711790248727
4472,2020-03-11,-0.009842194183831194
4473,2020-03-12,-0.021631382898746002
4474,2020-03-13,-0.0010715526729761602
4475,2020-03-14,-0.00042437023457189563
4476,2020-03-15,0.0
4477,2020-03-16,-0.005822971613351594
4478,2020-03-17,-0.019892160034508787
4479,2020-03-18,-0.007983010355489595
4480,2020-03-19,0.002804282888637706
4481,2020-03-20,0.00044893378226711555
4482,2020-03-21,0.0
4483,2020-03-22,-0.0007117437722419929
4484,2020-03-23,0.00047900344460249564
4485,2020-03-24,-0.0027339428288419986
4486,2020-03-25,0.0049215385420667305
4487,2020-03-26,-0.0005500725811784198
4488,2020-03-27,0.006315627608628794
4489,2020-03-28,0.0022446689113355778
4490,2020-03-29,0.0
4491,2020-03-30,-0.0014180955462094256
4492,2020-03-31,-0.0014927321539046586
4493,2020-04-01,0.0010646700296759615
4494,2020-04-02,0.00045723056075692775
4495,2020-04-03,0.0021026296975288675
4496,2020-04-04,-0.0017793594306049821
4497,2020-04-05,0.0
4498,2020-04-06,0.00042087542087542086
4499,2020-04-07,0.003565458859053165
4500,2020-04-08,-0.004740465149717819
4501,2020-04-09,3.666558826701178e-05
4502,2020-04-10,-0.0013637943110605677
4503,2020-04-11,-0.003371663118598666
4504,2020-04-12,0.0
4505,2020-04-13,-0.0027891941691862605
4506,2020-04-14,-0.002604468302372613
4507,2020-04-15,0.0007221590851484087
4508,2020-04-16,-0.001983578109216358
4509,2020-04-17,-0.002199367717254962
4510,2020-04-18,0.00024050024050024048
4511,2020-04-19,0.0038261401897765534
4512,2020-04-20,-0.004342144492866704
4513,2020-04-21,7.051074666733059e-05
4514,2020-04-22,-0.013646320289262163
4515,2020-04-23,-0.00374027551808768
4516,2020-04-24,0.0006684816574308988
4517,2020-04-25,0.00042087542087542086
4518,2020-04-26,-0.003515069351368284
4519,2020-04-27,-0.0011539798016666342
4520,2020-04-28,-0.01105120001917155
4521,2020-04-29,-0.0026423944760711944
4522,2020-04-30,-0.0014620610706019953
4523,2020-05-01,-0.0002344021472135351
4524,2020-05-02,-0.0007117437722419929
4525,2020-05-03,0.00024050024050024048
4526,2020-05-04,-0.00020835746418980896
4527,2020-05-05,0.00024050024050024048
4528,2020-05-06,0.0016383921554530723
4529,2020-05-07,-0.004899617855990598
4530,2020-05-08,0.00031752878727967697
4531,2020-05-09,0.00015941560116092095
4532,2020-05-10,-0.0011862396204033213
4533,2020-05-11,0.0005029536168326203
4534,2020-05-12,-0.0023440214721353516
4535,2020-05-13,-0.00819117762573674
4536,2020-05-14,-0.007620146248421888
4537,2020-05-15,-0.0013505671868661194
4538,2020-05-16,-0.0005931198102016607
4539,2020-05-17,0.0
4540,2020-05-18,-0.0027628000047928876
4541,2020-05-19,0.0020161384852704677
4542,2020-05-20,-0.004430853185301585
4543,2020-05-21,0.0008984731175065235
4544,2020-05-22,-0.0032648391891695887
4545,2020-05-23,-0.00031253619628471345
4546,2020-05-24,0.0
4547,2020-05-25,-0.0021431053459523204
4548,2020-05-26,0.0010164046989050858
4549,2020-05-27,0.0008467434327458051
4550,2020-05-28,-0.0035844307048340266
4551,2020-05-29,-0.0032146580189284816
4552,2020-05-30,-0.00020835746418980896
4553,2020-05-31,-0.0017793594306049821
4554,2020-06-01,0.002027832801385901
4555,2020-06-02,0.0016383921554530723
4556,2020-06-03,0.0031692967636028136
4557,2020-06-04,0.004742507573306668
4558,2020-06-05,-0.0074378511178300275
4559,2020-06-06,9.166397066752928e-05
4560,2020-06-07,0.0
4561,2020-06-08,-0.005931198102016607
4562,2020-06-09,-0.004686013697608233
4563,2020-06-10,-0.00330870526600064
4564,2020-06-11,-0.0013576281369875667
4565,2020-06-12,-0.009313512081404528
4566,2020-06-13,0.0
4567,2020-06-14,0.0
4568,2020-06-15,5.728998166720594e-05
4569,2020-06-16,0.003091412344081384
4570,2020-06-17,-0.00409649223409603
4571,2020-06-18,0.005088698371616521
4572,2020-06-19,0.004452820585679422
4573,2020-06-20,-0.0030344968067387997
4574,2020-06-21,-0.005057494677898
4575,2020-06-22,-0.0011251303066249685
4576,2020-06-23,-0.003553043073552532
4577,2020-06-24,-0.0032144605098341746
4578,2020-06-25,9.166397066752928e-05
4579,2020-06-26,0.0008417508417508417
4580,2020-06-27,0.0
4581,2020-06-28,0.0023185592580610374
4582,2020-06-29,0.0006350575745593539
4583,2020-06-30,0.001465929823300117
4584,2020-07-01,-0.009485423631331103
4585,2020-07-02,0.006602893613569769
4586,2020-07-03,-0.0008736446877539612
4587,2020-07-04,-0.014234875444839857
4588,2020-07-06,-0.003876996537138886
4589,2020-07-07,-0.0006750890769007881
4590,2020-07-08,0.0005917101374501414
4591,2020-07-09,0.004154361243703817
4592,2020-07-10,-0.004946572330140333
4593,2020-07-11,-0.002033553634977122
4594,2020-07-12,-0.002033553634977122
4595,2020-07-13,6.110931377835318e-05
4596,2020-07-14,0.003792039280374591
4597,2020-07-15,-0.0032648391891695887
4598,2020-07-16,0.001558487204987798
4599,2020-07-17,0.002440588692695829
4600,2020-07-18,0.0
4601,2020-07-19,0.0
4602,2020-07-20,0.0013448463532748983
4603,2020-07-21,5.09244281486276e-05
4604,2020-07-22,0.002116858581864513
4605,2020-07-23,-0.004527701942948244
4606,2020-07-24,-0.00819117762573674
4607,2020-07-25,0.0021645021645021645
4608,2020-07-26,0.0030303030303030303
4609,2020-07-27,0.00525051592667251
4610,2020-07-28,-0.0022811148255988114
4611,2020-07-29,0.0016927023154781166
4612,2020-07-30,-0.0033552934717606345
4613,2020-07-31,0.001242503950224823
4614,2020-08-01,0.001893939393939394
4615,2020-08-02,0.0
4616,2020-08-03,0.0002036977125945104
4617,2020-08-04,0.004582865693976805
4618,2020-08-05,0.002822478109152684
4619,2020-08-06,0.0015876439363983852
4620,2020-08-07,-0.004911407124001894
4621,2020-08-08,-0.002033553634977122
4622,2020-08-09,0.0
4623,2020-08-10,0.0005294248598238106
4624,2020-08-11,-0.0002590555615466653
4625,2020-08-12,-0.0012054967570981807
4626,2020-08-13,-0.003101597229711109
4627,2020-08-14,-0.005620991781529543
4628,2020-08-15,-0.0028469750889679717
4629,2020-08-16,0.0003367003367003367
4630,2020-08-17,-0.001204498238899188
4631,2020-08-18,-0.0013637943110605677
4632,2020-08-19,-0.00409649223409603
4633,2020-08-20,-0.0012001389937332998
4634,2020-08-21,-0.0012501447851388538
4635,2020-08-22,0.0005611672278338944
4636,2020-08-23,0.00024050024050024048
4637,2020-08-24,0.0017407916651688896
4638,2020-08-25,-0.009861365733251852
4639,2020-08-26,0.002440588692695829
4640,2020-08-27,-0.0023278558068102794
4641,2020-08-28,-0.005058892603376589
4642,2020-08-29,0.0029928918817807705
4643,2020-08-30,0.0
4644,2020-08-31,0.0016698077196297836
4645,2020-09-01,-0.0026117491642402672
4646,2020-09-02,0.0028440294602809437
4647,2020-09-03,0.0013926333321351114
4648,2020-09-04,0.001547370369039013
4649,2020-09-05,-0.0014234875444839859
4650,2020-09-06,0.0
4651,2020-09-07,-0.0006750890769007881
4652,2020-09-08,0.003610187935648952
4653,2020-09-09,-0.006410486837533102
4654,2020-09-10,-0.0024581168604614276
4655,2020-09-11,0.00019297678035269357
4656,2020-09-12,0.0
4657,2020-09-13,0.0
4658,2020-09-14,0.001417685628211944
4659,2020-09-15,0.0032503193831782203
4660,2020-09-16,0.0033093389410115393
4661,2020-09-17,-0.005842022745937336
4662,2020-09-18,-0.0006818971555302838
4663,2020-09-19,-0.0013945970845931303
4664,2020-09-20,0.0
4665,2020-09-21,-0.0018752171777082808
4666,2020-09-22,4.824419508817339e-05
4667,2020-09-23,-0.0008367582507558782
4668,2020-09-24,-0.000269849543277776
4669,2020-09-25,0.0034416199087826393
4670,2020-09-26,0.0
4671,2020-09-27,-0.0026970410693140075
4672,2020-09-28,0.0026559533021417274
4673,2020-09-29,-0.0012891777692812956
4674,2020-09-30,-0.004613528523670873
4675,2020-10-01,0.0
4676,2020-10-02,0.001893939393939394
4677,2020-10-03,-0.00026788816824404004
4678,2020-10-04,0.0
4679,2020-10-05,-0.0031378434403345435
4680,2020-10-06,0.00018705574261129816
4681,2020-10-07,-0.0005000579140555416
4682,2020-10-08,-0.0019457279243756112
4683,2020-10-09,0.0013448463532748983
4684,2020-10-10,0.002886002886002886
4685,2020-10-11,0.0
4686,2020-10-12,6.110931377835318e-05
4687,2020-10-13,0.00021567993098242297
4688,2020-10-14,-0.00374027551808768
4689,2020-10-15,5.728998166720594e-05
4690,2020-10-16,-0.0024011735006303275
4691,2020-10-17,0.0009620009620009619
4692,2020-10-18,0.00042087542087542086
4693,2020-10-19,0.001465929823300117
4694,2020-10-20,0.0028058361391694723
4695,2020-10-21,-0.003515069351368284
4696,2020-10-22,0.014260249554367204
4697,2020-10-23,-0.0008736446877539612
4698,2020-10-24,0.0008417508417508417
4699,2020-10-25,0.0
4700,2020-10-26,0.0016835016835016834
4701,2020-10-27,0.00041912801402718366
4702,2020-10-28,-0.001575661718010473
4703,2020-10-29,0.0029684183965113416
4704,2020-10-30,-0.00806874027514597
4705,2020-10-31,-0.0020918956268896954
4706,2020-11-01,0.0
4707,2020-11-02,0.0019894761887644455
4708,2020-11-03,0.0015040837292195225
4709,2020-11-04,-0.000888260768388133
4710,2020-11-05,0.0070052405866058405
4711,2020-11-06,0.012629258180859604
4712,2020-11-07,-0.0028469750889679717
4713,2020-11-08,0.0038480038480038477
4714,2020-11-09,0.0030303030303030303
4715,2020-11-10,0.007164845629954712
4716,2020-11-11,-0.005134652902365616
4717,2020-11-12,0.009022325155183992
4718,2020-11-13,0.002027832801385901
4719,2020-11-14,0.0
4720,2020-11-15,0.0
4721,2020-11-16,0.0009144611215138555
4722,2020-11-17,-0.003446219144123455
4723,2020-11-18,-0.007582176621322528
4724,2020-11-19,0.005844327018704243
4725,2020-11-20,-0.002984856187703162
4726,2020-11-21,0.0
4727,2020-11-22,0.0
4728,2020-11-23,-0.0004688042944270702
4729,2020-11-24,0.00012212645664602963
4730,2020-11-25,-0.0011344764369675409
4731,2020-11-26,0.005638061687883752
4732,2020-11-27,-0.0005000579140555416
4733,2020-11-28,-0.0003750434355416562
4734,2020-11-29,0.0
4735,2020-11-30,5.391998274560574e-05
4736,2020-12-01,0.0011614582141919573
4737,2020-12-02,0.0021043771043771043
4738,2020-12-03,0.0037587077919225007
4739,2020-12-04,-0.0003182776759289216
4740,2020-12-05,-0.002033553634977122
4741,2020-12-06,0.0
4742,2020-12-07,0.0036055065711056216
4743,2020-12-08,7.051074666733059e-05
4744,2020-12-09,0.0034416199087826393
4745,2020-12-10,0.0013263174591762968
4746,2020-12-11,0.0005917101374501414
4747,2020-12-12,0.0
4748,2020-12-13,0.0
4749,2020-12-14,0.0007938219681991924
4750,2020-12-15,-0.00022141055716794547
4751,2020-12-16,0.002852367087242532
4752,2020-12-17,0.0052167583306373345
4753,2020-12-18,0.000705619527288171
4754,2020-12-19,0.00018705574261129816
4755,2020-12-20,0.0
4756,2020-12-21,-0.0020002316562221663
4757,2020-12-22,-0.0019457279243756112
4758,2020-12-23,-0.0004412275712254778
4759,2020-12-24,6.110931377835318e-05
4760,2020-12-25,0.0
4761,2020-12-26,0.0
4762,2020-12-27,0.00011457996333441188
4763,2020-12-28,0.001465929823300117
4764,2020-12-29,0.002803506263371823
4765,2020-12-30,0.003787878787878788
4766,2020-12-31,0.002898199072576297
